track_id,length,popularity,danceability,acousticness,energy,instrumentalness,liveness,loudness,speechiness,tempo,time_signature,favorite
0SPjVg1kLpZfLwF5Li3MtX,280470,28,0.772,0.0295,0.807,0.887,0.0772,-5.582999999999999,0.0571,132.003,4,1
3na9gi1XV2KHckiCsYoRSS,294803,29,0.8009999999999999,0.0917,0.9079999999999999,0.885,0.0906,-10.182,0.0451,126.986,4,1
6drh4nWXGyL87EsuStoQ0B,285655,22,0.615,0.000691,0.945,0.764,0.28800000000000003,-6.226,0.0732,125.99600000000001,4,1
5vUMdmEaauy6qSc1ovtZ30,588750,37,0.6629999999999999,0.0804,0.665,0.5429999999999999,0.157,-10.737,0.0353,128.004,4,1
4FfASFMOod0fM0OdYF21YD,242304,21,0.6409999999999999,0.0288,0.86,0.9059999999999999,0.0969,-7.726,0.0558,127.992,4,1
1O878OZZl026rRAUVb3nUR,377767,27,0.731,0.008620000000000001,0.8140000000000001,0.747,0.051,-11.087,0.0361,121.985,4,1
5mKjVYkvKLka1V35tv5Ogf,188438,55,0.7659999999999999,0.0015199999999999999,0.797,0.69,0.12,-6.836,0.0357,128.01,4,1
139cA7iNHWDjQGK1e9VPuE,343867,18,0.7909999999999999,0.00698,0.5589999999999999,0.0187,0.0794,-9.097999999999999,0.136,140.024,4,1
43GxjTyWkpyZFGfh6d1MPj,467975,29,0.616,0.0219,0.779,0.69,0.312,-7.3629999999999995,0.0533,126.676,4,1
3MOhipHFUkGpS0rV7cKrJO,242773,67,0.757,0.0668,0.637,0.485,0.191,-9.451,0.0432,121.009,4,1
1XvNkXo2iNQgNNxxqX7pIe,274212,47,0.7490000000000001,0.0764,0.889,0.7190000000000001,0.392,-7.526,0.0442,127.021,4,1
787M1Wpwy413eRhgo6uM8O,220645,38,0.568,0.000666,0.927,0.6579999999999999,0.16399999999999998,-6.8839999999999995,0.0325,124.02,4,1
5fR1gKyVaQOFsUe9XWz6Pg,212314,44,0.722,0.0014,0.753,0.8490000000000001,0.10099999999999999,-6.905,0.0347,127.01799999999999,4,1
5BmgjLP1lYHEndkzJyaA7d,265440,58,0.784,0.0289,0.847,0.932,0.0602,-7.7989999999999995,0.0567,125.01100000000001,4,1
70BVqXGk3ipo7TOiyrnzud,210000,40,0.7240000000000001,8.85e-05,0.616,0.861,0.10800000000000001,-5.0280000000000005,0.0493,128.02,4,1
7LznzeOS7dh8E6HcW4YSpE,118375,42,0.35200000000000004,0.614,0.281,0.932,0.111,-13.878,0.0436,121.76899999999999,4,1
4uS7ipqw4uwv08NAN63NaE,83227,42,0.8,0.0536,0.7140000000000001,0.8690000000000001,0.0809,-8.447000000000001,0.027999999999999997,88.14,4,1
3HJr6Bql5OLIqMfg2qm990,284461,51,0.758,0.0034200000000000003,0.735,0.848,0.121,-6.45,0.0542,130.002,4,1
0FYc9DIr89rbzt2WJMvyou,138293,73,0.912,0.315,0.655,3.39e-05,0.0894,-6.029,0.162,91.94200000000001,4,1
5bjTLWk5cBOACEVPl3oqkU,178431,70,0.8240000000000001,0.0008900000000000001,0.782,2.64e-05,0.0949,-5.303999999999999,0.0516,95.012,4,1
57fgc1wsUpAj0BfTHncOaT,236101,42,0.797,0.0188,0.782,0.344,0.139,-6.468999999999999,0.0308,124.0,4,1
6QOCwCXTbVx1ngYlvlUhZ9,374093,33,0.777,0.0214,0.721,0.282,0.281,-9.276,0.109,126.038,4,1
2m8VypNWQ5Zj4HajgZntUZ,248053,31,0.8290000000000001,0.00135,0.5589999999999999,0.902,0.11800000000000001,-10.209,0.0616,120.021,4,1
6IPNp9PfaEqrzotY47TIWy,225600,84,0.8,0.00406,0.8370000000000001,0.00313,0.0904,-2.807,0.0491,100.015,4,1
3urwWcJ0qooKo5UiqfeIae,413717,48,0.6920000000000001,0.0318,0.597,0.8759999999999999,0.0698,-12.217,0.049,125.01700000000001,4,1
6QanbknK7HJMOaUqlNCxhz,155505,48,0.452,0.845,0.231,0.27399999999999997,0.0881,-16.855999999999998,0.0392,120.27799999999999,3,1
027zlmdbFiDhn4eZugScJ8,370102,45,0.358,0.12,0.309,0.915,0.49200000000000005,-15.89,0.0406,160.39700000000002,4,1
5glKprpzpGW5Pf4wB9gNPq,115120,63,0.33,0.00126,0.48100000000000004,0.789,0.106,-11.645,0.0352,120.456,3,1
37Nqx7iavZpotJSDXZWbJ3,221980,89,0.767,0.18100000000000002,0.43799999999999994,0.0,0.142,-8.726,0.29,86.975,4,1
0k1WUmIRnG3xU6fvvDVfRG,257605,92,0.8029999999999999,0.0006190000000000001,0.597,4.5e-06,0.32299999999999995,-6.035,0.141,136.00799999999998,4,1
75EaT3OH1MdJxKT1ZUsNK0,417145,42,0.815,5.8399999999999997e-05,0.927,0.68,0.0692,-10.054,0.0497,124.99700000000001,4,1
3RkNXZvOSMMElmmXztDc94,245131,75,0.7829999999999999,0.213,0.41600000000000004,0.0,0.10300000000000001,-9.84,0.135,87.073,4,1
7Bpx2vsWfQFBACRz4h3IqH,252070,86,0.711,0.00575,0.611,0.0,0.231,-5.452999999999999,0.32899999999999996,134.14,4,1
7evwAZyrPrlxIRfV8H5QXA,383076,14,0.624,0.00020899999999999998,0.877,0.863,0.0766,-7.101,0.0351,125.992,4,1
2XbG1IRDzoQQzLJSmwWIqC,279960,58,0.7659999999999999,0.0428,0.825,0.0,0.102,-5.622000000000001,0.299,155.967,4,1
4YU7kjwU5ebyKS9QzkcAFK,403481,41,0.812,0.000559,0.8809999999999999,0.937,0.0453,-6.47,0.0757,124.00299999999999,4,1
3jpfUbj7yYPro4RTGu4ehj,289587,39,0.757,0.00491,0.981,0.81,0.0868,-5.027,0.0564,129.993,4,1
4DOYEQG2d0MvRSwV5JV68V,217978,22,0.741,0.0022600000000000003,0.797,0.823,0.0642,-6.822,0.0479,126.04899999999999,4,1
2BcMwX1MPV6ZHP4tUT9uq6,242966,91,0.8490000000000001,0.0635,0.424,0.0,0.0834,-9.579,0.324,145.887,4,1
0UTyLmkQgPOEIz95OVAJTR,316733,79,0.667,0.00466,0.5820000000000001,0.0,0.124,-5.791,0.267,121.97200000000001,4,1
2fAxMyvNvu6wqVpoqsFiw9,140743,63,0.7879999999999999,0.0226,0.504,0.0,0.17600000000000002,-6.5120000000000005,0.0467,129.93,4,1
3OEjvmEBRrdTYbbrkiXG8a,229608,67,0.8220000000000001,0.0413,0.696,0.0,0.0795,-5.8,0.11800000000000001,153.99,4,1
4jNa66Mi5PgcXrEaCiPNMu,79093,51,0.831,0.575,0.526,0.10099999999999999,0.125,-13.792,0.0812,121.06200000000001,4,1
1QV0C39lyatw6gRmg60HVo,271901,31,0.39399999999999996,0.14300000000000002,0.382,0.5429999999999999,0.0836,-13.218,0.0433,120.079,4,1
0BELspEESG0VrXxOOUsl92,443150,7,0.59,0.0015,0.831,0.754,0.281,-10.526,0.042,134.989,4,1
636kRUoh1D1ZJifHip4RtS,179062,64,0.732,3.9e-05,0.96,0.826,0.33299999999999996,-7.606,0.0485,129.984,4,1
7qrXPKKpEoWEjehANH01Re,370320,43,0.799,0.0382,0.802,0.919,0.0702,-12.822000000000001,0.0407,127.991,4,1
3bCi6UR7MTx74se6rZWN8M,366500,32,0.805,0.012,0.804,0.843,0.113,-11.379000000000001,0.0575,121.029,4,1
4wjv4jtSAXy5atgz4zgoB5,341000,9,0.7979999999999999,4.61e-05,0.935,0.938,0.0703,-5.9479999999999995,0.0539,126.00399999999999,4,1
33MhyD4tOUTPDrJtUOmlzy,231919,43,0.0799,0.912,0.19,0.861,0.0847,-22.121,0.0511,68.715,3,1
34Q881qmFWnCroQ4IVI8eS,428128,2,0.75,0.00165,0.866,0.9329999999999999,0.10300000000000001,-9.887,0.0451,125.999,4,1
7wNt2WwULWvLZWCp2JWGDl,415298,1,0.66,1.63e-05,0.985,0.905,0.21,-7.028,0.0406,124.994,4,1
4X1RNdAg9Ax7EqMdVjdgDM,515280,20,0.608,0.0181,0.895,0.8270000000000001,0.35,-9.351,0.0396,131.007,4,1
5iajdwFyCWR7jH94UdCiZW,412309,3,0.637,0.00099,0.878,0.904,0.10099999999999999,-7.934,0.0437,122.999,4,1
3l0Pg5wo5Rgwfxmqcj4Pir,236500,35,0.644,0.00506,0.882,0.535,0.0681,-6.257000000000001,0.048,123.986,4,1
4xI6NjgvSPpcZljoLbk11j,210251,30,0.613,0.00228,0.9329999999999999,0.44299999999999995,0.32799999999999996,-4.904,0.0813,137.01,4,1
0XTd4SkaeseGDxfBiLnZEE,308245,27,0.818,0.0274,0.855,0.0322,0.653,-6.229,0.28600000000000003,136.984,4,1
42y1R39jgfNb8tNtNNoYMZ,168227,42,0.7879999999999999,0.0099,0.83,0.607,0.14300000000000002,-7.599,0.0483,130.013,4,1
5aqsZYOE5bP1cY4sSaw0Jq,246183,39,0.825,0.0617,0.569,0.7759999999999999,0.094,-8.334,0.0483,123.01299999999999,4,1
6h7WnYtD8BTlRwCqrfFxly,248699,42,0.518,7.31e-05,0.95,0.82,0.129,-5.461,0.0372,140.01,4,1
0ZeGfEAL5Rl4pd5LZBGuEK,199027,74,0.6579999999999999,0.23800000000000002,0.7490000000000001,2.03e-06,0.272,-2.967,0.0634,128.909,4,1
6suhktpClozJ2Vdh3EFVup,218847,27,0.6920000000000001,0.00939,0.7190000000000001,0.884,0.1,-7.141,0.0416,124.995,4,1
7uhpkGNtGygKkChPyAr8Wb,443594,7,0.789,0.00305,0.715,0.8370000000000001,0.0344,-9.512,0.0447,126.995,4,1
4cwGmMsKXsSnsvdc2giOZs,253245,38,0.627,0.0117,0.945,0.8109999999999999,0.34299999999999997,-5.244,0.0569,130.02200000000002,4,1
78Yqfmq11yBeibacqvl4Y4,294507,56,0.665,0.000916,0.865,0.6729999999999999,0.233,-7.827000000000001,0.0308,132.963,4,1
41H2fON7xrNirxSmbEgPVR,201885,42,0.845,0.006490000000000001,0.855,3.78e-05,0.397,-5.655,0.0553,119.97399999999999,4,1
3o5P6TF0Gop8MiuuuTtttl,340114,55,0.6709999999999999,0.00121,0.912,0.8009999999999999,0.08900000000000001,-6.531000000000001,0.0391,124.994,4,1
2sRH0V7gWZ9p3QHfqhhOk8,223103,49,0.9620000000000001,0.0118,0.32299999999999995,0.00857,0.114,-10.857999999999999,0.423,116.846,4,1
1F4QwL9Rj3retjba8AmkfA,238033,65,0.478,0.9309999999999999,0.284,0.0103,0.175,-12.11,0.0312,124.874,4,1
43fmtby3pDcIA8fghOqLiH,237467,42,0.736,0.18899999999999997,0.8420000000000001,0.852,0.149,-7.1129999999999995,0.0435,124.021,4,1
6RAwKM3TxG9USNt3WcKnbC,234053,32,0.773,0.16899999999999998,0.583,0.0639,0.177,-8.232000000000001,0.131,85.962,4,1
0ZJLssJk51m0r4j9OvXcju,191881,66,0.44799999999999995,0.804,0.406,1.13e-06,0.28,-11.214,0.0948,185.377,4,1
0ThPAtLfX0NbibIrEfWFHi,255992,58,0.504,0.0010199999999999999,0.762,0.701,0.128,-7.861000000000001,0.036000000000000004,123.96799999999999,4,1
2HwlTzxOFQEj4niU253ZSC,209519,20,0.563,0.000376,0.9840000000000001,0.872,0.039,-3.9530000000000003,0.0432,126.001,4,1
5GnNM7cTCsDfYLjqt1uFfW,387878,18,0.773,0.0121,0.6759999999999999,0.848,0.11900000000000001,-7.775,0.0555,123.99700000000001,4,1
79MlGZkP1KRoFCSwZynnrl,360000,20,0.804,0.0233,0.907,0.9159999999999999,0.0662,-9.995,0.0627,127.995,4,1
0Zm7NKJgoKY6ZWwtoEUILK,226653,74,0.7979999999999999,0.009040000000000001,0.545,9.48e-05,0.258,-6.466,0.168,118.029,4,1
4R5TBreAsHmPiYNYjMWpDP,223125,14,0.45799999999999996,0.0673,0.845,0.000502,0.4,-3.05,0.0421,128.033,4,1
3MN5WmJ2fV5Qvqv66SXiii,353869,29,0.608,0.00473,0.972,0.948,0.131,-8.468,0.0279,137.009,4,1
73uxnSsFMeJ15POpd3zgrV,242400,72,0.595,0.14800000000000002,0.6559999999999999,0.0,0.47,-7.867999999999999,0.247,99.811,4,1
37Uy4OBd93yP89ZhCj5je2,382488,32,0.715,0.0137,0.871,0.84,0.0863,-8.591000000000001,0.0572,132.00799999999998,4,1
1V2Z18nOByb7DqCECFh2Yt,317004,52,0.664,0.0316,0.524,0.892,0.17600000000000002,-10.5,0.0509,124.0,4,1
6xCVt9b5AEq0Caf1HN2J1S,379431,33,0.6779999999999999,0.0162,0.941,0.8809999999999999,0.0697,-10.466,0.0506,127.029,4,1
4AqvfnUyIfQoa4hIbEPYnt,365007,30,0.6779999999999999,3.97e-05,0.975,0.9059999999999999,0.265,-7.41,0.0428,131.998,4,1
2N4fmHgLXPgsUKZDCgUiRE,387385,27,0.768,0.0166,0.955,0.747,0.305,-4.59,0.111,130.00799999999998,4,1
44C6cVK52jhImoxqKt08aa,358095,26,0.79,0.11800000000000001,0.932,0.87,0.195,-7.987,0.063,125.99799999999999,4,1
1LhTTk99ujlQvGeoVNY6Uf,350119,23,0.15,0.925,0.0879,0.892,0.109,-23.749000000000002,0.0373,68.6,4,1
5crXczYcHEc1bXCs28bkK8,259546,34,0.529,0.00765,0.768,0.9390000000000001,0.111,-11.026,0.055999999999999994,131.005,4,1
4A7d1wpH3dF6TH0H5q16KW,252245,30,0.6779999999999999,0.124,0.657,0.138,0.0771,-6.836,0.0763,195.979,4,1
2qiKn7sxsU5ZW9Dca4uweM,317815,38,0.629,0.0392,0.9059999999999999,0.932,0.0844,-6.1339999999999995,0.0553,124.99600000000001,4,1
2LDbHa87vrruqNVfN5Qkdp,291846,41,0.804,0.225,0.617,0.8340000000000001,0.134,-10.138,0.0634,124.001,4,1
6tpQ4N1Kf7FxhZAE7g5hWj,355932,27,0.614,0.0814,0.713,0.883,0.12,-13.052,0.0406,118.008,4,1
79R4sdLZCJD5ulV4mvB8HC,335733,30,0.42200000000000004,0.174,0.7959999999999999,0.8740000000000001,0.10800000000000001,-11.114,0.0519,162.243,4,1
5lcuGmvDLSAGdPkIsWckme,359584,28,0.691,0.0163,0.782,0.758,0.0776,-11.485,0.0375,119.985,4,1
6C7UXuFQPTCFLW4VuARKZV,278615,35,0.507,0.179,0.33,0.0827,0.0757,-10.782,0.0293,119.95,3,1
1yoE2BC8MevCVz5J2hjjJs,314012,27,0.563,0.0411,0.621,0.789,0.12300000000000001,-10.581,0.0341,140.012,4,1
4JRMqCBaUrpRNISAasEjLO,603781,29,0.74,0.0405,0.895,0.877,0.0846,-9.795,0.0441,117.77600000000001,5,1
2umz9vxyFiaOtPEXYsJr8P,411512,41,0.6859999999999999,0.433,0.708,0.875,0.10099999999999999,-13.623,0.0553,122.999,1,1
6Nleh9HiXzeIMQiMg80WCp,480000,37,0.579,0.008759999999999999,0.98,0.866,0.314,-3.53,0.0382,110.016,4,1
5HTJ4WEGYZKLhYG5z6XL8D,235587,48,0.578,0.00447,0.8490000000000001,0.922,0.125,-7.669,0.0329,134.006,4,1
3FoXWHV24HO9rpcwkYa9lF,464436,24,0.8340000000000001,0.0216,0.573,0.879,0.0625,-10.174,0.0386,109.00299999999999,4,1
2KaMBqn9UBbWkl4Ky7ORVp,270192,29,0.768,0.0382,0.563,0.644,0.126,-11.05,0.0306,136.003,4,1
2soiNwWDwWxbuKok5WBJI9,538105,31,0.6729999999999999,0.000321,0.794,0.9,0.11699999999999999,-8.878,0.0493,129.996,4,1
01pY3jX6Sqc4iEBgdHXXH1,316216,32,0.609,0.0527,0.912,0.8590000000000001,0.285,-10.482999999999999,0.0358,94.001,4,1
7kMEUz0tnRCmqESONM10ZK,375707,25,0.667,0.0303,0.778,0.000343,0.106,-5.13,0.0792,124.006,4,1
50m4Wo0ms3IDdZtm589Lo7,299776,28,0.6759999999999999,0.498,0.735,0.865,0.102,-7.79,0.0357,122.007,4,1
0x1eIudX2mUXc28RujjNl5,407992,36,0.597,0.00507,0.809,0.0175,0.109,-11.245,0.0458,111.00200000000001,4,1
0anVOZUEsiQEOl00Zw7lyq,295774,28,0.512,0.33799999999999997,0.617,0.49200000000000005,0.21,-9.29,0.0678,125.219,4,1
0IakguBBeTUsAILmugkEam,186173,64,0.828,0.0164,0.621,0.00233,0.0845,-6.414,0.0565,128.986,4,1
1QHmHk2NoYiJAmJJBwUHBN,230164,38,0.794,0.0155,0.6940000000000001,0.151,0.0661,-10.817,0.0547,122.001,4,1
0WpZm3wky84KQ8BKWTELqw,240667,49,0.625,0.0208,0.706,0.0,0.0498,-5.145,0.0316,129.987,4,1
7LWz1ZzKJSo6mgFxBLljb9,407265,32,0.6970000000000001,0.0072299999999999994,0.922,0.48100000000000004,0.6579999999999999,-7.079,0.0563,127.868,4,1
4q5O14RoZXNF8hTZxKpsd9,229987,30,0.789,0.0066099999999999996,0.884,0.53,0.18600000000000003,-8.125,0.055,123.014,4,1
75ZMW4hqyXQ2TgF6pL1Giz,484645,43,0.6809999999999999,0.00809,0.8390000000000001,0.932,0.0992,-12.527000000000001,0.0387,123.993,4,1
57wQqbZdJQL3qgDc9aql3e,281840,43,0.655,0.0253,0.857,0.8590000000000001,0.106,-7.867999999999999,0.0361,123.991,4,1
7hP5C8IIBaev5RSnUd73fa,423664,34,0.799,0.306,0.434,0.92,0.0932,-13.529000000000002,0.0472,128.016,4,1
3QDbZBqR93chaaMuNScmrc,612101,56,0.552,0.341,0.993,0.0536,0.639,-8.383,0.0864,136.203,4,1
2QrXo4kQAAFvweFzR394db,220800,39,0.611,0.0261,0.852,0.809,0.185,-5.712000000000001,0.0359,124.992,4,1
21SrommSiMmi3yskkX50YF,423275,28,0.723,0.121,0.71,0.8740000000000001,0.10300000000000001,-10.489,0.0451,129.99,4,1
01mVivOsap4YNuGFdMNZY4,261626,31,0.7979999999999999,0.0209,0.53,0.855,0.159,-7.831,0.0357,120.006,4,1
0j4rBMPpe7wGje9eP9QraS,232488,26,0.726,0.0009429999999999999,0.517,0.887,0.0698,-9.634,0.0407,123.99600000000001,4,1
3I6CFUDMLzSTZTm6GLU545,304200,35,0.6920000000000001,0.604,0.875,0.845,0.19699999999999998,-6.287000000000001,0.04,134.997,4,1
0MMyJUC3WNnFS1lit5pTjk,173160,86,0.695,0.198,0.575,0.0,0.0614,-6.334,0.11599999999999999,163.929,4,1
7JuHVG3qQKQKxC4doneXVW,184490,74,0.759,0.151,0.5379999999999999,0.0,0.126,-8.256,0.384,146.933,4,1
0BPAwdOUsHNY0euMb5xmrf,194316,35,0.777,0.0214,0.831,0.835,0.0886,-7.207999999999999,0.0328,121.035,4,1
1j1lc5mVF3asBQzxfYXuIQ,383010,30,0.634,0.0163,0.5870000000000001,0.28800000000000003,0.0935,-7.147,0.0396,121.00299999999999,4,1
3bRqVtAGCNBRSGupmykCjY,242432,47,0.688,0.0144,0.8270000000000001,0.838,0.396,-8.345,0.0433,123.001,4,1
7HIh7LJudJn8Jidbo7vtrW,273171,27,0.631,0.0006389999999999999,0.9329999999999999,0.828,0.299,-5.3660000000000005,0.0374,122.995,4,1
71rbXzLu3OUC0jlwTZuqPO,271704,39,0.772,0.0032,0.526,0.841,0.113,-8.138,0.0503,121.993,4,1
6baJdLkGaQ0T6Srg7B4ONS,398216,20,0.727,0.0064,0.9790000000000001,0.494,0.0431,-5.183,0.0506,118.006,4,1
2FnV9JGm0M6ZSDuJ0CYLUw,366043,25,0.777,0.022000000000000002,0.99,0.8540000000000001,0.0622,-7.897,0.0582,138.99,4,1
3U7qvb3h2QLrsVgCJGaDfd,365798,18,0.513,0.043,0.9890000000000001,0.868,0.155,-3.7880000000000003,0.0705,140.023,4,1
0J3FsLl9oyGWBU3cHqQpCo,350627,48,0.46,0.569,0.7979999999999999,0.0185,0.657,-7.695,0.28800000000000003,109.307,4,1
4o8ssGZ37z8S93zHTNfDlD,201307,46,0.607,0.00468,0.9109999999999999,0.138,0.373,-5.422999999999999,0.0433,126.99600000000001,4,1
1Vk6GRlvwHwEPa1NJriBAO,403078,13,0.8,0.000291,0.7859999999999999,0.828,0.011000000000000001,-7.653,0.048,123.99600000000001,4,1
5fZ3sFURm6vOo5cwAFV1Y8,172172,47,0.833,0.00038500000000000003,0.48100000000000004,0.317,0.0836,-8.165,0.0423,135.003,4,1
5fbHRCsGpFIOLRtlhCRFDR,130980,72,0.62,0.155,0.586,0.0,0.535,-6.612,0.212,137.131,4,1
3JJL91ilRV6fXhKqu0FGXs,155293,71,0.371,0.601,0.75,0.0,0.48200000000000004,-5.382000000000001,0.402,173.456,4,1
3BfLcQOyP6ovmQFTYfhIx4,400101,45,0.778,0.007240000000000001,0.8640000000000001,0.895,0.0952,-9.741,0.0413,126.008,4,1
0nPoWlU7nIz74B6px39NMz,294211,56,0.7240000000000001,0.0635,0.6809999999999999,0.938,0.32899999999999996,-10.32,0.0378,119.012,4,1
7oklbyYBpXg9Uvl4tMW2iU,227123,46,0.7190000000000001,0.10099999999999999,0.529,0.89,0.349,-12.952,0.0427,120.994,4,1
74ks52RG06Dc8xYtr9RybX,256075,11,0.634,0.0204,0.84,0.802,0.11199999999999999,-8.144,0.0475,128.004,4,1
6PslLP8aOsBre5vzdXKEQr,176612,55,0.794,0.00315,0.902,0.746,0.161,-7.829,0.0503,127.01299999999999,4,1
73bJ5zBhjkY6alC6mpupgr,231360,40,0.833,0.0103,0.976,0.33,0.0571,-4.098,0.0777,124.976,4,1
1YYTSy2xoYgabhcsTjo1xh,230769,25,0.5760000000000001,0.0394,0.9329999999999999,0.925,0.11199999999999999,-6.172000000000001,0.0342,129.987,4,1
51oib6a2dRu2f6x8OMMphQ,289787,42,0.8420000000000001,0.765,0.418,0.0228,0.11699999999999999,-9.602,0.138,128.009,4,1
2tsXS5y6Hr2nOjgiuPgp3Y,310259,25,0.6859999999999999,0.0025800000000000003,0.593,0.8640000000000001,0.10300000000000001,-14.424000000000001,0.0373,122.99,4,1
5IxCT70ElYRTxbkcx7nXRl,205351,41,0.723,0.00823,0.7859999999999999,0.747,0.287,-8.166,0.0377,122.97200000000001,4,1
4ZrNrvAnMne57IKquUlkss,212489,38,0.621,0.0141,0.899,0.82,0.20199999999999999,-11.092,0.0484,128.03,4,1
7hDEqKECXWU1syQCwJsFCb,246129,44,0.763,0.8540000000000001,0.564,0.0031899999999999997,0.11,-7.808,0.028999999999999998,109.992,4,1
4zzPDLVN0DU34cQiDeufos,413598,25,0.784,0.0027199999999999998,0.7829999999999999,0.625,0.0633,-7.914,0.20199999999999999,136.003,4,1
0rFZaQ4crlGAzuCjWCQ2xu,234040,66,0.5770000000000001,0.0143,0.5760000000000001,0.0,0.602,-6.2989999999999995,0.0563,133.97299999999998,4,1
1ieGvbUJHBqtub1DZcASTt,413912,17,0.615,0.00361,0.9359999999999999,0.841,0.249,-8.564,0.0364,123.803,4,1
3FSIxJ0Ix3G5srTqcHFVuV,268080,20,0.579,0.0104,0.634,0.0164,0.33299999999999996,-8.575,0.0278,122.986,4,1
7uZqvqXzzYMKrexKxdcGmd,242600,66,0.851,0.00949,0.703,2.57e-05,0.0895,-7.351,0.303,74.017,4,1
4InDcTU0WkizVukh4Yua0Q,230781,42,0.743,0.00281,0.857,0.59,0.11699999999999999,-5.6370000000000005,0.044000000000000004,129.982,4,1
3v7odfVCofNyCMiPlsxAPa,255360,8,0.7190000000000001,0.225,0.679,0.8490000000000001,0.11199999999999999,-8.738,0.10400000000000001,124.99700000000001,4,1
2WFmsBFRt2KCYq3n3wWcfM,146571,21,0.9209999999999999,0.00294,0.509,0.0242,0.111,-5.646,0.0868,120.01,4,1
1uDcjImJHujoBSTyBEKJ8Z,219894,0,0.5760000000000001,0.0121,0.898,0.888,0.22699999999999998,-8.62,0.0508,125.976,4,1
0y2DtDwPh9Y2lvvKHGMUof,199741,30,0.58,0.0013,0.674,0.562,0.142,-6.66,0.0327,126.976,4,1
5wyLOJaapV6mWCwigXfVob,522161,11,0.731,0.00231,0.614,0.797,0.076,-11.821,0.0555,124.976,4,1
3Dj4AYXZMnu0hegcx8yThd,448082,14,0.693,5.66e-06,0.7859999999999999,0.742,0.0611,-6.936,0.0313,127.994,4,1
4ApOByOlG6mFtAtn7TjEs1,420465,33,0.782,0.503,0.635,0.9329999999999999,0.168,-13.661,0.0726,129.003,4,1
4ZOKBm7XmMar7JJWP4E8IA,318143,0,0.797,0.0257,0.775,0.8109999999999999,0.65,-8.399,0.1,134.988,4,1
7k2wBjsuMiyqhp4YUNRyQU,325998,29,0.612,0.00037799999999999997,0.917,0.835,0.613,-5.399,0.0627,174.025,4,1
6SRsiMl7w1USE4mFqrOhHC,143747,84,0.672,0.0311,0.526,1.37e-06,0.28,-6.446000000000001,0.0599,123.999,4,1
1mTcZ60TjZH6qsVrfgzIeT,262068,40,0.772,0.0048200000000000005,0.71,0.775,0.496,-7.662999999999999,0.0422,99.182,4,1
0vdcoqYkAyvhSKj8zDG5P8,319804,12,0.727,0.0414,0.8320000000000001,0.804,0.0314,-6.308,0.0662,122.99,4,1
7z41zbaMPOrrMOv7isG4rs,317718,23,0.677,0.007559999999999999,0.794,0.799,0.158,-8.953,0.0436,119.999,4,1
3IV6SqMhZFQP2SF0b0BUzF,392209,17,0.696,0.00662,0.5589999999999999,0.054000000000000006,0.0608,-7.976,0.0346,125.02799999999999,4,1
5MJ7jPCEW2daQNNezD4Rxt,328858,0,0.6829999999999999,0.11,0.644,0.131,0.122,-11.195,0.0549,111.015,4,1
7onpCUi508npiLdqPqSHtf,293143,0,0.633,0.00596,0.975,0.867,0.0792,-7.28,0.067,140.00799999999998,4,1
17OXI0Al1gQ1mL2XztoeVz,412424,29,0.78,0.14400000000000002,0.99,0.792,0.6829999999999999,-9.618,0.0539,134.997,4,1
37WX8Luypjzr6OM1dGpC7d,456969,0,0.7040000000000001,0.0020800000000000003,0.877,0.644,0.0956,-9.302,0.0552,128.006,4,1
02sObHgWwieFWa9zWIi6gF,137813,40,0.772,0.0524,0.8370000000000001,0.0,0.585,-3.745,0.213,160.024,4,1
5QtDYqniWZbmKsu7xTTnnM,474118,19,0.726,0.000276,0.6759999999999999,0.85,0.0802,-9.849,0.0307,123.993,4,1
3bGC6jB6jWGa5hzSZzhHzs,296928,41,0.877,0.201,0.868,0.735,0.0725,-7.7139999999999995,0.0466,123.038,4,1
1rzpBug5iLlcjTJcHF5OeL,346046,32,0.745,0.0469,0.789,0.821,0.0675,-7.245,0.0926,128.988,4,1
1rHobaqSvH4w5yucqRIHsM,385078,28,0.591,0.0069299999999999995,0.98,0.221,0.126,-4.893,0.0561,130.001,4,1
2WYgu5SgxDS4F6LwLssMZt,281892,41,0.763,0.0202,0.41,0.836,0.371,-9.717,0.043,125.993,4,1
3mNr8nBEUssn5Bxt5tc8er,463131,5,0.733,0.000312,0.602,0.884,0.11199999999999999,-12.539000000000001,0.0435,127.99,4,1
0GEI6TmhA34l8fjypL0De4,329000,26,0.633,0.4,0.818,0.5,0.11,-10.241,0.0453,119.994,4,1
3dBKhZCi905UfyeodO8Epl,117650,54,0.604,0.0369,0.851,0.377,0.34,-9.0,0.107,199.975,4,1
3Wfxy69tnwong1WWXOEjyW,219213,41,0.7809999999999999,0.0499,0.6609999999999999,0.0373,0.121,-9.105,0.0714,126.956,4,1
1G4TotMwW6y03mtCXkppiQ,309777,25,0.835,0.0159,0.9159999999999999,0.321,0.0467,-10.345999999999998,0.0746,124.0,4,1
51xqoC8MD2eo84eweXnG2b,200625,29,0.672,0.13,0.992,0.718,0.0913,-5.6579999999999995,0.0607,127.97399999999999,4,1
7jrJd2hRB3vDYX93SRiGad,321703,1,0.8220000000000001,0.214,0.607,0.00784,0.132,-10.487,0.1,118.023,4,1
2I03bC7mXFx7L6kO0ftwgB,227717,30,0.728,0.37,0.653,0.0857,0.0826,-10.091000000000001,0.0297,127.03399999999999,4,1
6B4KWBeFdHrpVezjTqggWr,118360,56,0.802,0.00366,0.738,0.0,0.223,-5.287000000000001,0.16699999999999998,151.07,4,1
3aULdnHm2EXYTCMPIW0JOe,308545,28,0.731,0.000543,0.792,0.42700000000000005,0.0264,-7.221,0.0374,126.01899999999999,4,1
2V2CRsNTYky2SO2C5G6rkX,389125,26,0.462,0.0626,0.755,0.868,0.1,-8.946,0.0426,130.005,4,1
2SsxhvPmRBNU6J6tLyzWO8,432460,8,0.6970000000000001,0.000217,0.843,0.8290000000000001,0.0607,-6.837999999999999,0.0341,126.00200000000001,4,1
1iEBLXX6xPSqWl5f4I1bD6,408616,11,0.687,0.0219,0.753,0.8809999999999999,0.0989,-8.096,0.049,127.012,4,1
1chTTSc39fAvTwvjF3gx94,363665,11,0.7120000000000001,0.00463,0.7659999999999999,0.938,0.0729,-9.306000000000001,0.0657,127.01299999999999,4,1
1ZqeykOaDmjkldzs7XGR4b,225907,58,0.679,0.23,0.735,0.602,0.14800000000000002,-6.218,0.136,107.99799999999999,4,1
6woD3nojPycxCS3egdiqv8,330731,35,0.805,0.0785,0.6990000000000001,0.319,0.32799999999999996,-5.117,0.10099999999999999,123.99799999999999,4,1
4ov13lgPzi7lMdqP7NZVNi,401171,0,0.8009999999999999,0.00506,0.909,0.863,0.0897,-7.452999999999999,0.0413,124.993,4,1
0WoxURnxMhMHVEZpK04KzU,497138,38,0.7879999999999999,0.0207,0.871,0.8759999999999999,0.0677,-8.016,0.0471,127.999,4,1
2hOowUNtUFciLsZE1LTwLQ,199370,14,0.7020000000000001,0.00563,0.9229999999999999,0.595,0.11599999999999999,-6.197,0.0514,127.007,4,1
40zPn4nnQ97BTLezI6OUvx,323602,15,0.6859999999999999,0.000982,0.9540000000000001,0.84,0.109,-5.511,0.0631,128.003,4,1
0XxMXTluVrZGhRPaiFr0dc,377918,0,0.789,0.000283,0.607,0.9329999999999999,0.0475,-9.066,0.0462,122.005,4,1
0r9vs75lVdvfkXLT39uiK7,261120,14,0.7140000000000001,0.0008990000000000001,0.8859999999999999,0.858,0.10800000000000001,-8.232999999999999,0.048,124.995,4,1
3FBZ6vK6hTTNgOMvq0VLSV,640235,27,0.6990000000000001,0.0009519999999999999,0.731,0.145,0.174,-8.823,0.0391,123.00399999999999,4,1
64DLUDJU84HzrWbdNDnChx,412667,20,0.655,0.0011300000000000001,0.977,0.878,0.0972,-6.193,0.054000000000000006,132.002,4,1
6YfNkhbMJ7ciAiMHOEHnGu,251613,20,0.645,0.0034100000000000003,0.866,0.852,0.25,-7.782,0.044000000000000004,123.98200000000001,4,1
4KA6ZqxJakBFkb74Qojwsd,255484,34,0.6609999999999999,9.36e-05,0.8540000000000001,0.8390000000000001,0.11,-5.492000000000001,0.0295,123.999,4,1
00n7wN0flnH48KVwQOms7A,252985,44,0.73,0.00126,0.919,0.89,0.168,-5.836,0.0459,125.008,4,1
3EmUWwTrpahkvQxF2q5GW2,218090,30,0.677,0.0283,0.7290000000000001,0.723,0.237,-7.752999999999999,0.0522,122.963,4,1
3quNY1SzlYnmZjBDQX4uix,411491,0,0.8029999999999999,0.21,0.956,0.943,0.107,-10.106,0.0562,126.001,5,1
2JZ5v61ewoKEi2csUbn9yd,538537,27,0.787,0.0035399999999999997,0.727,0.872,0.138,-8.312000000000001,0.0558,123.012,4,1
4C0eRWBOiCWjyUyqlCc9pR,222240,4,0.774,0.0181,0.875,0.745,0.0762,-10.307,0.0326,129.579,4,1
2NoE0Yq5SdSLV8bNtq69FJ,318016,10,0.773,0.00168,0.8490000000000001,0.903,0.0934,-8.033999999999999,0.0412,130.0,4,1
3GfyFCGRXEokmwenndNs7m,443130,39,0.7759999999999999,2.17e-05,0.94,0.83,0.606,-7.689,0.0447,125.00299999999999,4,1
5AFrctm65wWIqJsjHPPx85,198839,56,0.795,0.00235,0.899,0.000392,0.19899999999999998,-4.202,0.0685,125.978,4,1
3t6VsjenwUKGlMPlGDhR47,203370,30,0.8009999999999999,0.0049,0.8320000000000001,0.5489999999999999,0.0729,-4.7330000000000005,0.0427,123.993,4,1
57ucz0Uy1he66cOTxabXyK,292336,46,0.785,0.0562,0.929,0.9179999999999999,0.106,-7.26,0.0404,139.96200000000002,4,1
2ZL0cFicHe5xM38lqxXFps,269508,3,0.667,0.0364,0.547,0.425,0.115,-12.841,0.0355,122.012,4,1
40tacju7V51CMZg2C7hNQH,234545,34,0.6809999999999999,0.196,0.746,0.544,0.0719,-8.4,0.0417,131.989,4,1
4tPQDofr1qmip4bbWFs9Qf,487619,54,0.66,0.256,0.7120000000000001,0.9490000000000001,0.508,-10.89,0.16899999999999998,125.98299999999999,4,1
5lDGxPIiUvf4zPgLIZjdrT,273000,14,0.727,0.149,0.866,0.855,0.385,-6.372999999999999,0.0823,125.992,4,1
2xKgF9KLXB4b3cLOitRCZ8,198006,36,0.401,0.737,0.381,0.9079999999999999,0.105,-13.352,0.0369,159.945,5,1
6ZJdW1sZg4zATn9EKih013,261591,36,0.752,0.0017800000000000001,0.715,0.777,0.467,-8.383,0.0479,128.029,4,1
58XBY9zJ4A4ulnEns0DQhU,288848,7,0.774,0.0225,0.8640000000000001,0.00573,0.136,-5.585,0.183,139.991,4,1
6clsKQRcqbewqlucoqQNXi,319280,39,0.643,0.0397,0.919,0.494,0.207,-5.649,0.0536,124.979,4,1
3LCcAEIwjsjhm29zK95mhp,323333,40,0.449,0.0049299999999999995,0.8859999999999999,0.00951,0.319,-6.287000000000001,0.0297,140.005,4,1
4oRiNI0TWEJRJlkU7bPeu7,305791,0,0.757,0.642,0.72,0.9229999999999999,0.10800000000000001,-6.501,0.037000000000000005,114.999,4,1
4ieO3GnOkATpOnUuAx7NCE,428407,26,0.637,7.340000000000001e-05,0.86,0.8740000000000001,0.0756,-5.695,0.0364,127.0,4,1
0I4yTtCIBfrP92VWYGvekX,601975,0,0.628,0.00042199999999999996,0.904,0.20199999999999999,0.0867,-7.9879999999999995,0.0532,125.992,4,1
3RaT22zZsxVYxxKR7TAaYF,215627,69,0.546,0.418,0.613,0.0,0.10300000000000001,-7.5889999999999995,0.0264,79.015,4,1
3lSQlfbEvQuGyaZ7rqk54O,195299,31,0.5489999999999999,0.00201,0.91,0.696,0.126,-7.513,0.0354,121.96799999999999,4,1
0G4JbmcDdxERktnzz9ndrF,212582,39,0.695,0.41200000000000003,0.7879999999999999,0.8220000000000001,0.08800000000000001,-6.446000000000001,0.0696,124.965,4,1
2hfoyc7ve6xM4ZEiNIiU1B,214558,68,0.48200000000000004,0.696,0.631,0.0242,0.209,-6.917000000000001,0.0986,126.57600000000001,3,1
6CUP2khYzdphXebxVTfPE3,195299,67,0.855,0.0888,0.6759999999999999,0.0,0.14400000000000002,-5.736000000000001,0.325,133.082,4,1
4ipUTOoM2WUinawhQpuzWm,538128,23,0.466,0.00013000000000000002,0.371,0.516,0.0963,-12.295,0.0524,126.007,4,1
1WIdDClH0nDLziL2eVO2tJ,340254,24,0.747,0.127,0.948,0.68,0.0947,-5.231,0.10300000000000001,123.065,4,1
31bw6EI6LMBfFa272EcwQd,405000,0,0.807,0.000404,0.867,0.938,0.0912,-8.93,0.0905,127.994,4,1
2unjGtMBP1EIoKlPVdVba7,540984,5,0.797,0.0335,0.8759999999999999,0.526,0.0935,-9.916,0.0416,122.01299999999999,4,1
3eSXXh3vojmkE3uM00wWim,417616,18,0.752,0.0127,0.6990000000000001,0.597,0.0403,-7.686,0.0389,117.008,4,1
2LJiw69NLNuwimnzGS5uIS,411696,33,0.613,0.000157,0.9079999999999999,0.8440000000000001,0.21100000000000002,-6.535,0.0668,132.069,4,1
2uZ4Ty9c4q9MMLbeqk3ylJ,350612,18,0.807,0.187,0.836,0.96,0.11,-10.374,0.0512,121.99700000000001,4,1
6YTBfxkdGce9pLEy9jG9Jo,159467,60,0.637,0.524,0.493,1.52e-05,0.136,-13.094000000000001,0.0482,88.796,4,1
1CUCnTJVZy68TS34DX6kCx,258341,50,0.775,0.426,0.59,0.7390000000000001,0.0823,-9.825,0.0558,126.96600000000001,4,1
3vAn0qZzdyuHamcrpkfiX3,181264,3,0.828,0.0694,0.782,3.41e-05,0.0544,-4.013999999999999,0.0918,130.013,4,1
2J4P46vCFm1rPkNkp9pZWX,175813,68,0.79,0.0342,0.7290000000000001,9.31e-05,0.0411,-3.843,0.33399999999999996,159.989,4,1
6R6ZoHTypt5lt68MWbzZXv,157707,70,0.752,0.0604,0.87,1.12e-05,0.489,-3.812,0.0623,120.006,4,1
7qq0EOPW4RRlqdvMBmdd73,163946,68,0.804,0.0371,0.633,0.00011899999999999999,0.102,-6.186,0.0612,115.00200000000001,4,1
0fySG6A6qLE8IvDpayb5bM,144935,74,0.768,0.113,0.652,0.0,0.107,-2.708,0.307,154.187,4,1
7lBpCteEdS5WbOnzbVmWiR,247893,42,0.621,0.6409999999999999,0.40299999999999997,0.00426,0.325,-8.177,0.0252,84.93799999999999,4,1
3Fk5ZCKgaWlGo1cKTXtLlD,352531,33,0.682,0.0586,0.955,0.00722,0.5770000000000001,-6.916,0.0401,127.969,4,1
18PergoIrGmRyeYxnaXJN2,189052,6,0.738,0.318,0.861,0.00182,0.325,-4.141,0.237,131.98,4,1
2qG5sZ7Si6sdK74qLxedYM,161627,75,0.882,0.39,0.6890000000000001,0.00325,0.0501,-4.027,0.124,97.963,4,1
7lvClagxhYkR6j8A7TaT9G,348267,0,0.758,0.74,0.626,0.897,0.0931,-14.179,0.0496,121.99700000000001,4,1
7iKDsPfLT0d5mu2htfMKBZ,171798,70,0.6859999999999999,0.0334,0.64,0.0,0.0801,-5.4910000000000005,0.159,162.225,4,1
7IV7q9JeSLfgjaz9cdyoij,192002,21,0.7879999999999999,0.149,0.682,0.11900000000000001,0.0744,-7.749,0.0584,132.986,4,1
4JctXZAe0ka4wXii9M7lpE,702225,25,0.8190000000000001,0.00133,0.728,0.145,0.109,-8.663,0.0465,126.984,4,1
3yMYs3jJdAPxMgqb0CYZUG,380000,52,0.7040000000000001,0.0375,0.659,0.845,0.102,-9.584,0.0493,123.037,4,1
0zYqFyhiTj419q56lNsjk0,201081,1,0.628,0.0992,0.64,0.0,0.138,-4.164,0.0491,129.815,4,1
0yCB4Rx07NLsGpPtyvO3qk,227080,0,0.677,0.693,0.679,0.0,0.13,-5.843999999999999,0.10400000000000001,138.99,4,1
3TsppdjZcmaVPekAYbrNpv,294168,9,0.838,0.00677,0.373,0.045,0.0961,-8.286,0.066,124.001,4,1
2huKKF2pVKe5NtLUcg05As,350250,0,0.858,0.0197,0.561,0.884,0.0693,-8.412,0.0471,122.01100000000001,4,1
7jr3iPu4O4bTCVwLMbdU2i,189173,74,0.6779999999999999,0.0658,0.7290000000000001,0.0,0.303,-4.188,0.13699999999999998,99.895,4,1
4b6WRfxJRY40RBpl3TMQVq,265017,50,0.633,0.000166,0.96,0.899,0.1,-5.653,0.0494,126.99799999999999,4,1
2wVDWtLKXunswWecARNILj,169567,73,0.7509999999999999,0.0861,0.642,0.0,0.0953,-5.165,0.087,95.045,4,1
6qDYsCYPRjV2BZfwJOJCyh,285931,52,0.703,0.000831,0.8190000000000001,0.86,0.0811,-8.279,0.0368,124.98899999999999,4,1
2aI2k39nfa3KFsa4JclQzw,209355,4,0.6709999999999999,0.0313,0.8590000000000001,0.0,0.267,-3.9219999999999997,0.0833,139.931,4,1
2fHXAuXRcCDXbZYJIUZCGW,121386,56,0.885,0.0009400000000000001,0.5920000000000001,9.04e-05,0.081,-6.06,0.303,159.996,4,1
6FalTkmo0IU0Vy7XbKjqp8,293900,29,0.647,0.40700000000000003,0.701,0.8079999999999999,0.14400000000000002,-10.689,0.0497,120.04799999999999,4,1
6luwqAS5Iw4grq6r3CT6a9,420919,3,0.639,0.716,0.6759999999999999,0.9059999999999999,0.121,-16.293,0.0388,118.00299999999999,4,1
56bHclo7YNvpujMveLElQn,237077,1,0.5920000000000001,0.0423,0.961,0.0,0.0882,-1.807,0.096,109.82600000000001,4,1
39LLxExYz6ewLAcYrzQQyP,203808,85,0.695,0.0561,0.884,0.0,0.213,-2.278,0.0753,103.014,4,1
6jIZjEOjaNJ8ZJ6i1kCr6w,375484,19,0.748,8.31e-05,0.63,0.835,0.107,-6.31,0.0497,123.994,4,1
48dojgnBKfp3drKOFdwycc,188049,52,0.7070000000000001,0.000126,0.7879999999999999,0.517,0.11800000000000001,-8.538,0.031,123.023,4,1
5qA5DAR5xTjQUGrl0eBbmR,197789,0,0.696,0.0235,0.8809999999999999,0.0,0.27699999999999997,-2.082,0.10400000000000001,142.019,4,1
1ka7NXowCQWJ3Hchmlow19,532981,0,0.6940000000000001,0.0123,0.6509999999999999,0.87,0.0675,-12.423,0.0509,127.001,4,1
7HfDDnqygZdXqzH33fWZfx,226867,52,0.545,0.988,0.18,0.9059999999999999,0.0686,-21.022,0.0337,156.694,4,1
7gQ6y5aP84gE0xjMH0n10g,265875,5,0.7759999999999999,0.0005780000000000001,0.924,0.8270000000000001,0.0751,-5.209,0.0475,130.033,4,1
7569Hbv0FUS7vjkdGvdgeZ,268707,55,0.527,0.00298,0.8190000000000001,0.000152,0.0606,-3.3739999999999997,0.0422,140.02,4,1
5VDnV2q6OrlrPsHsDZtIP1,336092,52,0.6559999999999999,0.0793,0.902,0.871,0.0472,-9.453,0.0403,121.015,4,1
7JG9fgcKffwG4IcpBkZdEu,335369,31,0.7659999999999999,0.000534,0.647,0.336,0.083,-8.442,0.0626,127.001,4,1
04cScOHQeNGeAREf0jwpp7,414929,7,0.78,0.032,0.84,0.932,0.109,-5.587000000000001,0.0562,139.984,4,1
7ctD1r1xKzJQP8XBiAqV6f,342516,15,0.67,0.00022400000000000002,0.907,0.871,0.0837,-8.226,0.0478,128.997,4,1
0S5XuDsnQ4VqQAdo7dGUe8,284134,30,0.685,0.0157,0.8540000000000001,0.7709999999999999,0.11,-7.7010000000000005,0.0378,123.995,4,1
4f78Rk5dr9PigVcU1ym5LE,370277,25,0.557,1.98e-05,0.7559999999999999,0.8690000000000001,0.0763,-6.946000000000001,0.0345,126.012,4,1
0v1ADlMRAhCS4wWA4pAXZ1,328676,27,0.589,0.005,0.767,0.733,0.10800000000000001,-8.523,0.0341,123.01799999999999,4,1
06O0jpmcM916FT7I4L8O5Z,220779,44,0.777,0.00359,0.9420000000000001,0.21899999999999997,0.33799999999999997,-6.409,0.0454,123.98299999999999,4,1
1swbHpmgYa7c8e9bTiYFf0,383687,47,0.662,0.00938,0.938,0.8440000000000001,0.231,-7.167999999999999,0.0359,121.97399999999999,4,1
2ndTv8R5uRrygmtDVuAejj,283125,44,0.435,0.0132,0.684,0.00055,0.0818,-7.064,0.0556,127.93,4,1
5zTKsWQkyg1IF9HJbS9mg7,211207,0,0.75,0.139,0.723,0.8290000000000001,0.11,-9.907,0.142,112.00299999999999,4,1
6ov3j8ObMGg7v6xXTfpeVf,254260,2,0.17,0.6609999999999999,0.6779999999999999,0.8759999999999999,0.638,-12.306,0.06,126.227,4,1
7ksSKcmjvXE6lfDZYe6U7E,329963,37,0.693,0.0501,0.636,0.754,0.107,-7.3870000000000005,0.0358,103.00200000000001,4,1
5CP7k6drBStRnsvGoK4kfd,379356,3,0.773,0.006659999999999999,0.674,0.8759999999999999,0.0952,-12.950999999999999,0.0505,124.012,4,1
3bcdVd3n5P59LStZyuw7Ne,490000,35,0.632,5.88e-05,0.8079999999999999,0.5870000000000001,0.0653,-8.68,0.037000000000000005,123.99700000000001,4,1
7osPcFfCiON98lVmEc05dZ,292292,0,0.679,0.0811,0.66,0.909,0.124,-10.350999999999999,0.0375,124.007,4,1
4hLZY8QdX6Ef1YmpflYF7x,267018,32,0.57,0.0955,0.826,0.0012,0.11900000000000001,-8.416,0.0831,129.931,4,1
7fCV6SSZYhOvOQ9RvEfISk,366207,29,0.762,9.549999999999999e-05,0.6920000000000001,0.895,0.0629,-6.571000000000001,0.0574,126.046,4,1
1YKH0sXtlXtazFg1zSCrS1,194950,35,0.6459999999999999,0.625,0.758,0.884,0.171,-14.237,0.377,130.143,4,1
39zmD5onrni9273Z9knS6X,168320,20,0.41600000000000004,0.0272,0.75,0.728,0.433,-7.396,0.0617,124.955,4,1
3NwKONlygiXJU6G2u6b7iq,201231,26,0.41200000000000003,0.00229,0.72,0.358,0.19899999999999998,-7.8389999999999995,0.121,97.84899999999999,3,1
6OgZkuL8ubyEQNBaELlqcg,496000,11,0.6829999999999999,0.39,0.665,0.884,0.0554,-14.600999999999999,0.0455,120.00200000000001,4,1
3RxvhWI4WmvG10JUTVXTMS,213700,25,0.547,0.0681,0.743,0.693,0.205,-7.132999999999999,0.24600000000000002,113.359,1,1
2ozkaxd6uFj0dKhHJUxurx,286477,35,0.777,0.000366,0.752,0.846,0.0171,-7.045,0.0474,128.391,4,1
4pnV9fZl81OEmUdJxbBZGV,352422,33,0.586,0.0162,0.726,0.9329999999999999,0.0672,-8.568,0.0281,121.992,4,1
3mOiwnPiBKikHU4CNv1DWL,308000,9,0.6970000000000001,0.10800000000000001,0.804,0.7929999999999999,0.129,-10.71,0.0448,124.007,4,1
7eIn8d3W6ZFT8jktaA91hN,250709,8,0.746,0.128,0.787,0.89,0.10800000000000001,-8.498,0.0411,127.01700000000001,4,1
799t23iK35CbSFMBkQkkg2,234147,0,0.613,0.0273,0.6890000000000001,0.764,0.48100000000000004,-9.879,0.0287,122.98700000000001,4,1
4xF4WcJvNfgtJ2CtmbbsIg,187119,39,0.644,0.221,0.639,0.16,0.11900000000000001,-6.7410000000000005,0.132,118.012,4,1
1dSRAXcO3kxrThimhkzRhx,203996,18,0.67,0.0049299999999999995,0.693,0.000589,0.102,-13.034,0.23600000000000002,120.045,4,1
3bXptsvAsA4gLaaRKMHsr0,185625,53,0.511,0.0429,0.83,3.05e-06,0.342,-4.504,0.0606,128.03799999999998,4,1
3eQ2o9qHlzsMPdgIzeT63f,266174,39,0.569,0.00259,0.7609999999999999,0.767,0.151,-7.263,0.0439,128.99200000000002,4,1
5HPjAlKIchUN9BLtWwnUea,351501,42,0.6659999999999999,0.007890000000000001,0.768,0.8170000000000001,0.0487,-7.249,0.0522,127.007,4,1
2Ij6YmwBU1mMNBJDJuHqyU,249677,46,0.688,0.00216,0.648,0.12300000000000001,0.106,-10.1,0.0429,124.02,4,1
08F16baYbciTva9P4BvpiI,240000,75,0.855,0.0775,0.49200000000000005,6.71e-06,0.111,-7.577999999999999,0.0483,109.975,4,1
00Blm7zeNqgYLPtW6zg8cj,193507,76,0.687,0.0361,0.7809999999999999,0.0,0.0755,-4.806,0.053,97.014,4,1
7pceXdbiNCwiGJUI2l2LqC,173710,45,0.8140000000000001,0.00285,0.902,0.0298,0.0781,-5.391,0.0433,124.022,4,1
188rKyWMsC4WsKKZ85lnUO,268733,61,0.6609999999999999,0.878,0.336,2.51e-05,0.0798,-12.942,0.203,154.944,4,1
4qWAsBlrbaNEelKQ8rfzzs,190500,41,0.715,0.67,0.628,0.145,0.16899999999999998,-9.318,0.19,109.948,4,1
6giM7T99H6Xr4O2q4i4MQS,234098,49,0.5589999999999999,0.0842,0.9059999999999999,0.00834,0.1,-2.819,0.0369,121.99700000000001,4,1
4iN16F8JtVxG2UTzp3avGl,197443,70,0.627,0.0558,0.618,0.0,0.35100000000000003,-8.529,0.0437,82.03,4,1
3EthUkTHbAoZn5wxuoSfnL,181876,45,0.682,0.0562,0.56,0.0,0.102,-7.11,0.0414,127.929,4,1
6novp0cmp5qTEaO6xr9i8L,237346,37,0.7390000000000001,0.11199999999999999,0.7070000000000001,0.879,0.115,-8.379,0.0397,123.005,4,1
3uqsEcdRWuZWkgQdhxwaxU,170039,34,0.68,0.0171,0.9890000000000001,0.16699999999999998,0.46299999999999997,-2.891,0.126,126.969,4,1
5wo8gxWeFb9YsZ719fALSL,184445,45,0.46799999999999997,0.502,0.305,0.111,0.0942,-11.004000000000001,0.0431,100.25200000000001,4,1
1wAPbQ5XjbZqPl0WDl5mHH,179474,56,0.843,0.539,0.335,0.373,0.147,-11.537,0.102,113.979,4,1
53Mu06VtEWovnPjeChsqio,202339,24,0.722,0.00011599999999999999,0.851,0.787,0.0895,-8.516,0.0411,123.99600000000001,4,1
1MCvAAKHSdGhe4ZPq0YMrF,308000,53,0.5660000000000001,0.33,0.652,0.0,0.354,-5.832000000000001,0.0325,120.069,4,1
4MM2gogfT4QemH4SxbVXiN,168462,3,0.716,0.00821,0.915,0.865,0.126,-5.409,0.0407,103.958,4,1
46OKHucGhjhskazqD8tKnH,170333,67,0.47700000000000004,0.385,0.687,0.00394,0.40299999999999997,-6.468999999999999,0.0295,88.001,4,1
2JErB4jAnjwXfFD11JM8qe,134126,39,0.736,0.0227,0.701,3.07e-06,0.105,-5.2589999999999995,0.0576,123.96600000000001,4,1
7hBzNeK7Fh6wvQqT7zOFG8,191496,50,0.249,0.179,0.92,0.00435,0.8540000000000001,-5.791,0.19399999999999998,177.497,4,1
3fIta7BC0QYRcYyE8Lmt4t,335587,47,0.397,0.0355,0.8170000000000001,0.8079999999999999,0.201,-7.1770000000000005,0.0611,129.903,4,1
0RgClWZ50CVGxKCNRYooBD,118356,50,0.899,0.0147,0.39899999999999997,1.08e-06,0.134,-17.577,0.557,145.918,4,1
0xEIY4zMquic0MRv9lSekG,159327,44,0.892,0.11699999999999999,0.639,0.0,0.12300000000000001,-5.53,0.43200000000000005,144.909,4,1
2tsArM8er9gkqiN4XiaW3r,200164,54,0.7559999999999999,0.149,0.738,7.77e-06,0.307,-5.544,0.0295,122.035,4,1
0kcaKKnAbjtjWreExi0YtB,326820,34,0.529,7.15e-05,0.7879999999999999,0.745,0.248,-7.723,0.0351,124.988,4,1
0QE5ykJGmDlJO3jRPUwVFW,48146,39,0.617,0.00243,0.789,0.0,0.24100000000000002,-4.539,0.316,123.552,4,1
2fgkiq4P2UvjoVQuXm6RXY,180247,49,0.64,0.00122,0.56,0.0015400000000000001,0.168,-7.627000000000001,0.0357,105.069,3,1
43JKRyak8VdIU8ZHC0uJg7,152009,56,0.7190000000000001,0.00366,0.72,0.0,0.124,-6.4639999999999995,0.361,201.94799999999998,4,1
0HLhptvI8NozbOHRLNniFz,158995,75,0.687,0.0744,0.7170000000000001,0.0,0.134,-6.61,0.0755,88.06299999999999,4,1
70GVGpU0PCNX5op7l3qYTp,160000,52,0.313,0.00639,0.9159999999999999,1.39e-05,0.14,-4.218,0.0571,75.405,4,1
19pDGIQMBBBzteNjmzzjDN,132732,54,0.47200000000000003,0.0189,0.643,0.0,0.0957,-3.656,0.031,151.783,4,1
58VOxgmpccDmu1CGMZswxR,286385,0,0.757,0.0286,0.828,0.871,0.0731,-6.926,0.0472,129.0,4,1
1Jui7NG48FwG8mGQjSLbEw,495001,31,0.54,0.0272,0.4,0.9179999999999999,0.0468,-8.555,0.0467,128.013,4,1
73X9X7kDgsm4YeHpc8prf6,246507,60,0.8190000000000001,0.34700000000000003,0.599,0.8240000000000001,0.083,-6.778,0.039,127.986,4,1
69AjS0OisS2gMQsucrc6tt,345845,27,0.762,0.000412,0.996,0.92,0.0462,-5.987,0.040999999999999995,122.993,4,1
0kv2YJeTiP2CNmiT2pzPlY,260750,31,0.541,0.0234,0.8859999999999999,0.78,0.14,-6.817,0.0588,119.04299999999999,4,1
2vHgxqDNkshj8VWddFJQTt,356317,38,0.873,0.0174,0.882,0.547,0.171,-6.974,0.127,118.99799999999999,4,1
71z6SKChSBv0RF3ILmlhjN,401342,0,0.804,0.0004980000000000001,0.902,0.826,0.057,-7.2589999999999995,0.0608,125.001,4,1
3dpV5wV1MZbjjyudT99kUo,415890,0,0.799,0.00122,0.941,0.653,0.0494,-5.6770000000000005,0.0519,122.98200000000001,4,1
4WZkUCTbsSB7ivrZhHy9YF,245697,46,0.382,0.413,0.601,0.0495,0.379,-6.899,0.0799,130.98,4,1
710dD4buiB6eYZUMeTV68A,475696,12,0.818,0.000117,0.848,0.9,0.0412,-7.691,0.0683,126.01700000000001,4,1
0FjyvdAffyJcnvbv3dLFyw,287871,51,0.6990000000000001,0.39,0.46399999999999997,0.171,0.315,-8.933,0.0744,110.986,4,1
0oPkb31xP0VwBkIuNMVN9D,361032,35,0.732,0.18100000000000002,0.541,0.915,0.111,-10.698,0.0637,125.006,4,1
7f5nA6mscFeELd6shDHxOl,347880,29,0.787,0.0052,0.914,0.684,0.0497,-7.513999999999999,0.0455,124.00299999999999,4,1
4jVBIpuOiMj1crqd8LoCrJ,202795,74,0.835,0.00671,0.6990000000000001,0.0,0.195,-5.405,0.27699999999999997,154.981,4,1
4ecDr6FxOupWQgTW9lmATk,214307,6,0.7859999999999999,0.008879999999999999,0.9179999999999999,0.91,0.11,-13.067,0.055,131.035,4,1
6FXsrAH7Zol1jusSeJIoYA,224770,59,0.711,0.00607,0.838,0.0,0.0898,-3.553,0.122,80.024,4,1
14SEQe2lwpktRbZ8zfzt09,520331,0,0.804,0.00043799999999999997,0.615,0.853,0.102,-9.776,0.0514,119.994,4,1
551xyaSJsg8hILXFq9JdST,185851,67,0.433,0.0922,0.44299999999999995,0.000293,0.11699999999999999,-10.568,0.0361,79.903,3,1
2z6ILnaMpkyZFsXY9x3A74,382857,40,0.648,0.0555,0.409,0.192,0.0923,-16.127,0.0366,126.035,4,1
5oZIhePTCzvWskktjYgdjr,229587,47,0.677,0.0013599999999999999,0.7859999999999999,5.45e-05,0.326,-6.587000000000001,0.0467,139.917,4,1
2s477WEEEX1V3cdFJbws2F,381074,27,0.6779999999999999,0.000817,0.696,0.371,0.0799,-7.787999999999999,0.09699999999999999,130.964,4,1
2qo8npLusT0JtbIHvkd1zO,221418,23,0.591,0.00042699999999999997,0.991,0.903,0.284,-5.091,0.0528,124.985,4,1
0RDfSMgc8Uewk9rlEqJ7yj,288000,9,0.705,0.113,0.958,0.746,0.13699999999999998,-11.735,0.0517,120.00399999999999,4,1
5LEVqnAgpmrW9GhyKkDGxt,332568,0,0.309,0.0328,0.46399999999999997,0.726,0.0845,-15.132,0.0578,79.968,4,1
737XeNtwcy30LE98zHDeYN,223470,7,0.728,0.00865,0.9470000000000001,0.496,0.8540000000000001,-4.672,0.0467,123.03200000000001,4,1
4jueyRHAHwDovQi3Nlce8v,199277,51,0.667,0.732,0.623,0.00027,0.10300000000000001,-7.859,0.0554,74.998,4,1
5ibF56Z88lGgLdZOKqCl8l,548212,18,0.782,0.0006450000000000001,0.9159999999999999,0.9309999999999999,0.282,-9.224,0.0432,120.995,4,1
6nzXkCBOhb2mxctNihOqbb,227520,77,0.639,0.00107,0.912,0.0,0.09699999999999999,-2.6210000000000004,0.0615,143.44799999999998,4,1
2d61o1vPf3Ojv4Zppcuqtk,547247,22,0.69,0.000405,0.8859999999999999,0.9159999999999999,0.122,-9.89,0.0354,134.016,4,1
3L7YZXOBDQst0mC7jDpope,469240,6,0.7909999999999999,0.000413,0.888,0.903,0.0707,-17.195999999999998,0.07,137.034,4,1
1iajk0921zaIjjIRgW07Ip,281129,13,0.7759999999999999,0.0177,0.8270000000000001,0.7290000000000001,0.12300000000000001,-5.159,0.0698,124.012,4,1
6yqYYtWq8adm5RCiCRONqI,325452,28,0.805,0.374,0.6559999999999999,0.89,0.11599999999999999,-11.475999999999999,0.109,114.99799999999999,4,1
7IhhvHjiB1SyvbYYjAPEES,420507,13,0.833,0.14300000000000002,0.573,0.324,0.418,-13.399000000000001,0.0486,124.99799999999999,4,1
2VOB5FuNwnHc9GPfPEzh8X,263152,37,0.805,0.0104,0.536,0.9009999999999999,0.11,-9.472999999999999,0.0514,125.01799999999999,4,1
4kbhEqnkaRP76rp4H3plt7,458855,24,0.812,0.0020399999999999997,0.831,0.708,0.966,-10.203,0.177,135.971,4,1
3OwGNyyUQeljggJ094bhq8,388834,20,0.608,0.0116,0.8029999999999999,0.6920000000000001,0.1,-11.099,0.0395,139.986,4,1
0JK5Dq2DioG900WJ7PvDni,361696,12,0.6629999999999999,6.28e-05,0.826,0.034,0.0953,-7.79,0.0501,144.99,4,1
62D2RHjdzcZIHAC2n58QD5,524355,35,0.732,0.0323,0.94,0.843,0.499,-9.27,0.0578,139.99200000000002,4,1
2ct848StI8H0lnFqJnMhlB,309496,37,0.679,0.0698,0.912,0.765,0.0692,-7.54,0.040999999999999995,114.991,4,1
5PvpHmQ596TTqm5Lysejjh,422400,0,0.873,0.21600000000000003,0.604,0.578,0.109,-10.672,0.0756,125.001,4,1
4CL7jANlv3GLQgVAF8bUpB,427405,18,0.607,0.00017900000000000001,0.93,0.257,0.0631,-4.812,0.0474,126.01100000000001,4,1
1pjIJ13vAjmZAm0lLuOQef,417263,35,0.797,0.153,0.789,0.8959999999999999,0.0636,-8.299,0.0642,120.00399999999999,4,1
2WIUbg8CiAsKuQMw9DzZ1d,242082,42,0.645,0.00417,0.741,0.5760000000000001,0.0372,-8.488,0.0507,129.30200000000002,4,1
6DxQb1QXBymgaMBZJujxV2,150767,54,0.831,0.276,0.627,0.0,0.19899999999999998,-6.614,0.17600000000000002,108.042,4,1
5oCMn6EWKsPOgOLnBYLGcU,414743,35,0.685,0.00743,0.993,0.898,0.205,-6.042000000000001,0.0689,118.024,4,1
4SAXZny2VO6wgXSQia6PZ5,364917,16,0.527,1.4400000000000001e-05,0.7170000000000001,0.899,0.19399999999999998,-10.485,0.0366,131.985,4,1
1QZ99v4IxWgLIPewo9GX5P,361187,22,0.8009999999999999,0.000759,0.8420000000000001,0.8909999999999999,0.0515,-7.9110000000000005,0.049,125.008,4,1
7Dbram2Ffrup4dUnuMUNzg,392200,4,0.74,0.00899,0.8270000000000001,0.9209999999999999,0.0854,-5.44,0.039,122.98100000000001,4,1
715vRxcbV6UakGuKFn84e5,243066,38,0.584,0.0271,0.966,0.9329999999999999,0.11800000000000001,-8.879,0.0646,125.00200000000001,4,1
04xvjRPOzA4jU6AEQyivIC,309249,18,0.635,1.57e-05,0.897,0.925,0.0713,-4.133,0.0626,126.53299999999999,4,1
52VXLQTSzgIGjwFMx3ty3U,219216,33,0.8270000000000001,0.387,0.815,0.721,0.0926,-9.536,0.156,139.994,4,1
0DyZqweV633rHfDa5cY9wx,420000,7,0.67,0.00107,0.596,0.841,0.231,-11.628,0.0397,125.01,4,1
6gjwcBrDwzw7fCx8CTapKy,351429,6,0.7240000000000001,0.0112,0.615,0.8390000000000001,0.11599999999999999,-8.566,0.040999999999999995,112.001,4,1
5yW3EXRod50y1Cs340UM7z,286067,28,0.611,0.00123,0.867,0.17300000000000001,0.127,-9.113999999999999,0.0948,130.991,4,1
4678O1HcVb9uiRECrnHwWw,354683,14,0.674,0.00237,0.9209999999999999,0.912,0.138,-9.441,0.0424,129.993,4,1
2355xgk5rjf3k95Im7NDWA,309921,0,0.872,0.00828,0.54,0.6779999999999999,0.13699999999999998,-12.638,0.0407,127.008,4,1
4JB0EAT4BkLShTyTt50FmO,231067,3,0.813,0.061,0.615,0.0,0.654,-5.624,0.132,111.039,4,1
4GJ8VU4e1Tlqn2omGrSPbE,272423,16,0.665,0.0028899999999999998,0.81,0.9059999999999999,0.0635,-8.113,0.0482,123.97200000000001,4,1
6E7dSeAvJIqJgA2jcfkcOQ,307557,17,0.8009999999999999,0.00047599999999999997,0.912,0.8290000000000001,0.0446,-8.149,0.0837,124.991,4,1
0sBmKbOycvwM4PnxBSRwv3,409719,16,0.7609999999999999,0.0034200000000000003,0.716,0.917,0.0961,-7.443,0.0495,122.00200000000001,4,1
0GH8oGwdYaTBklhtCqKMU4,212727,0,0.64,0.598,0.7,0.16,0.145,-5.914,0.0581,77.029,4,1
2DnUsEEPDlQrib9SRHUjZJ,429601,15,0.7440000000000001,0.00197,0.758,0.855,0.153,-7.831,0.0439,122.008,4,1
1lJxzeAVTZ7Hs7B5jFluMl,502286,39,0.74,0.21100000000000002,0.856,0.92,0.41200000000000003,-8.965,0.0353,139.988,4,1
3XnvNOjFKyFyNvxlXy1DXm,205125,60,0.67,0.132,0.833,0.195,0.109,-8.365,0.0522,127.984,4,1
4atA0HlFUlTEpkZRMJIaYv,448544,26,0.733,0.0585,0.595,0.5529999999999999,0.301,-6.74,0.0429,121.985,4,1
16aKvy0WQYugn4cEYK0bIJ,307172,30,0.899,0.00032,0.737,0.909,0.0748,-6.61,0.0368,126.006,4,1
3s7gouYjSetV6ioLkWX8g8,403486,0,0.6779999999999999,0.0017,0.6729999999999999,0.87,0.0618,-8.874,0.0416,123.999,4,1
67sGVlDCGm3dMIt67HcbYo,358670,0,0.444,0.000198,0.835,0.914,0.0971,-12.935,0.0573,124.991,4,1
1ddkFioIXrWMVVjY9wLYBh,476135,19,0.742,0.00161,0.659,0.634,0.122,-7.825,0.04,117.976,4,1
7rGxWoUyNno5ztljshnN7o,300000,44,0.6890000000000001,0.000301,0.8740000000000001,0.623,0.41,-8.228,0.0631,121.5,4,1
5GkZth3fuqokAIENmOZVKO,265766,0,0.569,0.000684,0.929,0.0345,0.271,-4.638,0.0332,120.993,4,1
57QfDmjvjZbZzcTfLyAL0w,403191,3,0.8059999999999999,9.05e-05,0.9309999999999999,0.92,0.0503,-7.539,0.0724,125.0,4,1
75rGONmoi48LLYBFaGiYsv,229425,61,0.735,0.00851,0.71,0.762,0.0684,-10.222000000000001,0.0766,123.962,4,1
0faSgqvSxUZ3pJpcpH4JNC,250122,0,0.61,0.0207,0.777,0.7959999999999999,0.0995,-10.559000000000001,0.055,122.995,3,1
6PUUBs4Qu62DgkMjYuly2Y,480995,10,0.659,0.00414,0.85,0.812,0.10099999999999999,-9.927,0.047,125.978,4,1
2AWTw8Dq6QnLOqh9JqNdgc,355515,0,0.667,5.720000000000001e-05,0.775,0.838,0.205,-12.03,0.0496,132.989,4,1
7a70joHLg0KQVztIPzmuUu,382715,11,0.68,0.0235,0.9079999999999999,0.9159999999999999,0.0652,-7.534,0.0411,127.00299999999999,4,1
0V0LuHEeOLczTGpPOJEVIO,341489,17,0.755,7.03e-05,0.871,0.9209999999999999,0.0797,-7.407,0.0502,130.001,4,1
4S4meeluriSnoVaTA1OyC7,295250,12,0.5720000000000001,0.00109,0.9620000000000001,0.555,0.23600000000000002,-4.574,0.14,170.02599999999998,4,1
3bSdYv3LgM7hpMl3jA1LHK,277873,29,0.865,0.0929,0.644,0.00305,0.0655,-6.891,0.0689,125.98700000000001,4,1
4nrLCFb2XTzFQ5mrjMUong,384300,5,0.523,0.046,0.794,0.879,0.11199999999999999,-12.048,0.043,135.017,4,1
04F86wF4RD7LrwStOJpufd,419492,10,0.7929999999999999,0.000515,0.9570000000000001,0.9109999999999999,0.0405,-6.156000000000001,0.0484,132.00799999999998,4,1
46Wy2fUSk2xEh65GT2x1aD,465416,7,0.721,3.15e-05,0.703,0.9129999999999999,0.0654,-10.232999999999999,0.0394,133.999,4,1
664XhLJqunGleFoqKGVm98,480469,9,0.8,0.0779,0.7509999999999999,0.9329999999999999,0.0872,-13.985999999999999,0.0715,127.963,4,1
2rJp2xE0xaGfMYovwA5ljD,378716,17,0.721,5.18e-05,0.99,0.8240000000000001,0.129,-5.72,0.0393,137.99,4,1
7hdJrOg3tPwrX2DPbUuvxn,464402,27,0.688,0.000417,0.77,0.895,0.0423,-6.584,0.0416,127.01,4,1
4rfbmkbKHfaKh83OD770P8,318661,20,0.534,8.640000000000001e-05,0.9440000000000001,0.7509999999999999,0.316,-5.654,0.0416,137.03,4,1
0M2dqeUpxBGm8vujMTMhMV,476050,44,0.7070000000000001,0.0355,0.8079999999999999,0.0335,0.6709999999999999,-9.887,0.0503,119.99600000000001,4,1
6kKC35sKUh2FUx4M0qAL44,227173,66,0.649,0.24,0.767,0.0,0.0929,-3.838,0.0455,149.918,4,1
1HQffTdt2aCB824gxc8hmF,338233,22,0.6729999999999999,0.00884,0.85,0.872,0.0829,-4.803999999999999,0.0621,125.012,4,1
2supqZI34Zsc4idZIwIEVR,399360,21,0.7979999999999999,0.0124,0.628,0.35,0.29100000000000004,-10.243,0.115,124.984,4,1
0a1UmoUkFaWBG1hMSYdtS2,363350,0,0.7979999999999999,0.00118,0.502,0.892,0.0802,-11.245999999999999,0.0697,119.98200000000001,4,1
3gDpgBT8z5wATPGujllFeC,314879,6,0.768,0.0277,0.95,0.9209999999999999,0.0449,-6.419,0.0647,129.002,4,1
0AmIVSyck918GN4tfTfWOy,388449,3,0.695,0.106,0.757,0.856,0.09300000000000001,-6.875,0.0376,125.98899999999999,4,1
1Mkajs1Tup0sLh8xDuxkHM,261429,8,0.7020000000000001,0.0257,0.857,0.9,0.0985,-10.671,0.0452,126.00299999999999,4,1
4nlvKIIetOWGIMyhjQXgOZ,139663,70,0.56,0.255,0.865,0.000153,0.083,-1.148,0.0909,159.96,4,1
0CKRJKC38WQPlKbK67Iclo,368938,14,0.8,0.00168,0.8059999999999999,0.821,0.32899999999999996,-5.893,0.0696,124.999,4,1
1tnWRkUWav9cSYj9tOCQEI,401263,25,0.616,0.000539,0.902,0.309,0.304,-4.52,0.0424,126.016,4,1
4yTkhrGJHbzGKcyKfW2jKa,196406,4,0.633,2.23e-05,0.861,0.8859999999999999,0.14400000000000002,-6.351,0.0357,127.978,4,1
569wNlUPTHEU9OBtrNXt42,416471,0,0.574,0.000405,0.971,0.619,0.42700000000000005,-4.927,0.0442,136.006,4,1
23MJIeDLHPnn2Zjo06flWX,189950,7,0.682,0.0153,0.82,0.765,0.14400000000000002,-7.251,0.0567,125.98899999999999,4,1
5x1uQj9DPMpU4ZrBGF7s6O,200357,0,0.873,0.00175,0.9420000000000001,0.58,0.0279,-5.763999999999999,0.0636,125.995,4,1
6z8h6IVJG16lwcXnhsbinY,437480,1,0.8170000000000001,0.145,0.624,0.932,0.10400000000000001,-13.992,0.0462,123.99799999999999,4,1
5Ge2KRfUf05nEUh0LaHOFN,226893,39,0.736,0.0162,0.958,0.0351,0.0547,-4.058,0.0681,121.954,4,1
4OIMUs3KgUh77mjzJ8I5f9,203827,47,0.7809999999999999,0.0119,0.8809999999999999,0.389,0.0797,-3.804,0.0423,125.935,4,1
0Cbt03r8pnuj8qv1Jh5YDu,415238,1,0.778,0.016,0.848,0.956,0.0493,-9.426,0.0559,125.991,4,1
6nW3LEgsZNf9fbFl7D1qBa,399003,46,0.804,0.0072299999999999994,0.899,0.875,0.215,-5.433,0.0436,127.98100000000001,4,1
5GY8M8miz700f4BreT7bRs,350222,0,0.594,0.000177,0.94,0.9109999999999999,0.635,-8.021,0.0661,134.97899999999998,4,1
5MECSlFYbCk102mDXqD1ZC,172200,0,0.648,0.0872,0.401,0.44299999999999995,0.106,-11.140999999999998,0.0335,120.088,4,1
7sKbyYeJnITO1Eh9xd0lKd,186653,63,0.6579999999999999,0.00792,0.878,0.0,0.9440000000000001,-3.875,0.12300000000000001,122.015,4,1
5MA9jSUW11OEyO2Zya0cQz,297208,16,0.836,0.38299999999999995,0.812,0.875,0.107,-11.134,0.0577,125.01100000000001,4,1
0SwAOdc4C2kWUMbsXG4ztz,285440,57,0.929,0.0862,0.449,0.49,0.0889,-10.425,0.0574,119.896,4,1
1B99igJK9yfXGI70Z0luS8,386520,11,0.809,0.000194,0.6409999999999999,0.884,0.0816,-8.586,0.0677,122.993,4,1
4KjNEsQ4jkqXwCmsn71a9p,311893,55,0.659,0.83,0.667,0.8959999999999999,0.11800000000000001,-10.463,0.0326,132.907,4,1
2MO2eNQgv8Gdn9mmnJkh4q,337142,15,0.792,0.0107,0.8140000000000001,0.9179999999999999,0.0756,-10.325999999999999,0.0601,130.001,4,1
1EOtTITw23fJ2Yqlox2V7p,207083,7,0.645,0.00151,0.888,0.596,0.601,-6.29,0.0391,124.98299999999999,4,1
43wplltv43Pdovgkll2KjL,603392,22,0.8140000000000001,0.0738,0.945,0.845,0.0809,-6.023,0.0669,126.027,4,1
55YMj9pA2x7CkC3NmDtBkl,321503,0,0.506,0.513,0.7140000000000001,0.871,0.053,-7.8020000000000005,0.29100000000000004,160.065,4,1
6TgA4zU87WT2qt2YTG7SEo,472638,49,0.782,0.00286,0.8740000000000001,0.884,0.0873,-10.343,0.0528,125.007,4,1
0HcjEXebwsEQK2EXiHu3BG,500216,25,0.6920000000000001,0.00175,0.716,0.882,0.0741,-12.105,0.0402,122.999,4,1
3xyy8kSd1oxKDbvk7RQrIp,327567,15,0.797,0.000278,0.935,0.91,0.11800000000000001,-5.891,0.0395,123.98100000000001,4,1
2zGKLhe61aQgmFK0xsFqZz,249000,42,0.695,0.0086,0.884,0.721,0.0493,-5.1579999999999995,0.0389,124.00299999999999,4,1
31F0KxmTD4rz3o0tJht5RL,183746,40,0.878,0.11800000000000001,0.779,0.0192,0.10400000000000001,-7.2829999999999995,0.135,115.009,4,1
40CAiRmr9j4tSdcJok5PJZ,198043,47,0.629,0.00627,0.845,0.14400000000000002,0.12300000000000001,-5.2860000000000005,0.0339,124.00200000000001,4,1
6SQqXgEZ8JQQsA0rhDPeK2,375577,15,0.649,5.9999999999999995e-05,0.963,0.8959999999999999,0.107,-5.879,0.0388,126.008,4,1
5uPJ3BtdDfrPJvLOP4bCkn,376836,24,0.586,0.0069900000000000006,0.9940000000000001,0.609,0.0871,-6.284,0.0656,134.984,4,1
4R3uy9p4mmSS2ypXulmzxC,394158,11,0.8029999999999999,0.000883,0.846,0.892,0.613,-6.932,0.0427,123.994,4,1
29iSg8Ojb1DzCEzDk2LXmL,460987,14,0.6829999999999999,0.017,0.631,0.8490000000000001,0.0977,-9.434,0.0466,122.98899999999999,4,1
3ko0lQVO6JEawtukOb3okk,318000,13,0.7859999999999999,0.0797,0.802,0.616,0.10099999999999999,-11.402000000000001,0.0905,119.986,4,1
4sWJCVOn705QUBCDt81bPB,354286,44,0.877,0.5479999999999999,0.579,0.8809999999999999,0.111,-11.503,0.521,125.984,4,1
6emVPIrAQM2VNYqurWZqSj,301478,0,0.7979999999999999,0.04,0.779,0.8640000000000001,0.121,-10.831,0.0672,124.976,4,1
23PIMIlFx1FeiCmmIf1RgZ,329280,52,0.675,0.0123,0.92,0.114,0.32899999999999996,-7.153,0.054000000000000006,132.0,4,1
2ZjCim1j3wyMtisyfM3RW0,454696,24,0.778,0.000405,0.9590000000000001,0.934,0.0996,-7.289,0.06,127.99600000000001,4,1
2pOV1do0oBMOcEy4kT3ySp,315732,38,0.733,0.0428,0.841,0.885,0.0875,-10.309000000000001,0.0993,131.003,4,1
782CIMTujSmNFrRuAVhsqd,135120,49,0.743,0.036000000000000004,0.31,0.0251,0.183,-10.016,0.0554,95.993,4,1
6u8hSdYZxbK5EczDPRIXXf,200774,63,0.8140000000000001,0.0935,0.635,0.0,0.0892,-6.609,0.0809,87.581,4,1
1v14bpOcknr4bLbgwKRijs,479991,26,0.74,0.000698,0.763,0.815,0.0914,-10.511,0.0443,122.01700000000001,4,1
6Ozh9Ok6h4Oi1wUSLtBseN,159715,79,0.769,0.18899999999999997,0.787,0.0,0.129,-3.909,0.36700000000000005,126.77,4,1
2dgrYdgguVZKeCsrVb9XEs,288640,70,0.759,0.736,0.49200000000000005,0.009890000000000001,0.107,-10.338,0.12,104.97399999999999,4,1
664jBL8NgKFYdiMK9bnCcz,352946,52,0.539,0.0926,0.8440000000000001,0.943,0.212,-4.848,0.032,129.006,4,1
3lj2F6z9mQvWbKLUJEbai5,375536,0,0.696,0.00155,0.914,0.754,0.08199999999999999,-6.38,0.057,124.01299999999999,4,1
6OB9JhYRBrrs3RhVFJkKKV,381818,0,0.612,0.000496,0.94,0.205,0.156,-6.7139999999999995,0.0461,131.997,4,1
5gljTWz2HQWgIf8KXjDWUv,330736,0,0.397,9.15e-05,0.917,0.8059999999999999,0.0828,-6.202000000000001,0.0641,174.18099999999998,5,1
4TwlmYaTyw77VKUQ1QRJh2,290802,12,0.802,0.00645,0.7290000000000001,0.91,0.12,-11.026,0.0663,126.01799999999999,4,1
1QaLNPUYVtsZHA6lZnmM30,257733,41,0.534,0.0148,0.845,0.0735,0.0819,-6.24,0.0336,120.71700000000001,4,1
3n5lR03MyGhK7mPV6YiB1u,356267,35,0.486,0.0428,0.8190000000000001,0.695,0.11,-8.357000000000001,0.0966,127.979,4,1
5oxJHksZsciHFakBbnrVP7,375931,20,0.804,0.00043799999999999997,0.835,0.9440000000000001,0.09699999999999999,-9.421,0.0515,123.008,4,1
4Am1qB9GQg0lhABOWpKUuk,400875,29,0.684,0.526,0.7659999999999999,0.894,0.0801,-7.954,0.0358,141.369,4,1
6N5Q4wNSNjPPXz36NM2vGb,396299,26,0.6579999999999999,0.000682,0.92,0.767,0.00864,-5.68,0.0452,126.012,4,1
0x9aRJNLcAtf0gb4Sy797b,395912,44,0.598,0.000195,0.963,0.8190000000000001,0.129,-8.238999999999999,0.0405,137.014,4,1
4L1YwTs0WR86jDwjMMuutb,356784,3,0.7340000000000001,0.0105,0.795,0.325,0.113,-9.823,0.063,121.259,4,1
5bv0xct3O3bnCiV8ZMgayS,270787,28,0.5770000000000001,0.035,0.496,0.73,0.28600000000000003,-10.945,0.0323,118.87200000000001,4,1
7Bp7NxS3VPPkOdfXRhCEVe,261120,25,0.625,0.0011099999999999999,0.738,0.895,0.10800000000000001,-8.4,0.031,125.031,4,1
4dIpivP0e9CMXnRM8A6Qm1,232267,25,0.655,0.00011499999999999999,0.8420000000000001,0.846,0.132,-6.047999999999999,0.0292,123.993,4,1
0UxU9qQc3Et21BAoVjb5og,243810,26,0.741,0.0006320000000000001,0.675,0.598,0.0829,-8.265,0.0429,126.006,4,1
3ETQr4SECzp6mMMnubMFmV,217620,25,0.508,0.000546,0.736,0.447,0.0828,-9.396,0.0426,121.198,4,1
1yW3AdHBfumItjL6WlQDql,375885,24,0.715,0.000794,0.785,0.335,0.109,-6.791,0.0476,135.993,4,1
1C6LcBjOgA0hwGcR3JzcrU,221538,14,0.7290000000000001,0.0007469999999999999,0.87,0.84,0.111,-10.036,0.0501,130.02100000000002,4,1
3M8H9LFG5g3njxKsuLKdCE,407555,27,0.753,0.00648,0.8420000000000001,0.91,0.0708,-9.572000000000001,0.0493,123.993,4,1
6gym7AawfnUv7GKEYkofbp,301375,15,0.7120000000000001,0.000504,0.764,0.915,0.16,-11.442,0.0726,160.02,4,1
0YPKpRglLcXCgQJn6GtR1D,412500,32,0.797,0.00507,0.991,0.92,0.0665,-5.4879999999999995,0.0447,125.98700000000001,4,1
0khpkv3gXgRHJDkAfScDmn,215000,21,0.6709999999999999,0.00413,0.976,0.8909999999999999,0.138,-8.163,0.0599,131.989,4,1
1WT5I6vlWjYW2cnhR1UkVA,199281,50,0.655,0.0859,0.665,0.0,0.122,-4.785,0.036000000000000004,112.831,4,1
2WL8aYAooAOZzfTxOHZzIv,398987,21,0.79,4e-05,0.93,0.833,0.122,-6.2989999999999995,0.0583,125.96700000000001,4,1
7lTTElkM1yHrLk9RFOlQcp,303707,0,0.75,0.0111,0.8959999999999999,0.637,0.28,-8.577,0.0623,124.991,4,1
6F4U9KUqfDWtOyKtXLktSy,261626,35,0.759,0.00257,0.5920000000000001,0.768,0.0945,-9.552,0.0462,125.009,4,1
4zMjjAXT94uRKRVZH07w6g,533428,19,0.606,0.00193,0.7170000000000001,0.909,0.0893,-6.995,0.0401,125.98899999999999,4,1
4LnSqmEJsX4HLwTz4rA5qa,373794,0,0.8079999999999999,0.00225,0.917,0.877,0.0843,-7.655,0.0675,123.994,4,1
32PwmwXt5GKMOyjYGhhqsY,354955,36,0.8220000000000001,0.0541,0.621,3.21e-06,0.0577,-6.797000000000001,0.147,120.00299999999999,4,1
1b6HCRWWbvFUZ5RG3bg7s6,194119,46,0.633,0.0134,0.8320000000000001,0.000164,0.11599999999999999,-6.572,0.0387,109.98299999999999,4,1
5MGeW5mHnqeJiM0NPBbkEZ,189000,40,0.611,0.32899999999999996,0.5429999999999999,0.0,0.281,-5.287999999999999,0.0672,174.862,4,1
0Zaq26GPf2emAuRPsMXKGC,257747,39,0.519,0.0481,0.7020000000000001,0.312,0.0855,-6.761,0.0342,124.931,4,1
4cySojfOiZ9KXfOvQPLK9J,283971,38,0.72,0.0022,0.836,0.743,0.08800000000000001,-6.402,0.128,135.379,4,1
395sAYzZTTkSZShZSvH0kb,401694,0,0.5920000000000001,0.0021100000000000003,0.919,0.342,0.125,-8.06,0.0529,125.995,4,1
0wSEKJtoPVkNPrXAQXqB7U,267733,33,0.6829999999999999,0.0256,0.867,0.0020800000000000003,0.158,-5.162000000000001,0.0423,130.032,4,1
6B9W25jnJpVuOqSRFSe2b2,226341,29,0.541,0.00011599999999999999,0.968,0.0396,0.0895,-8.873,0.0507,122.969,4,1
5pNtz0lgqQbUNlu0HyxhmM,263497,30,0.73,0.032,0.8059999999999999,0.9,0.102,-7.56,0.0443,124.016,4,1
51eDQb4i3VHdCVY944eNrH,418067,26,0.778,0.000386,0.9640000000000001,0.867,0.0311,-5.46,0.0382,123.995,4,1
0plR51lCL1MjTpP4Or9j1g,543428,14,0.606,0.00022799999999999999,0.8320000000000001,0.625,0.547,-5.935,0.0457,120.00200000000001,4,1
1RJjWGp0rXCtMdqCJrpys0,350408,22,0.813,0.0698,0.626,0.914,0.094,-12.107000000000001,0.053,126.006,4,1
5hJz8q4RWuDmFqBN2jfXJG,388586,41,0.44,0.165,0.643,0.873,0.16399999999999998,-13.817,0.0568,121.035,4,1
46nZRqw87gOByTZRKR5xgJ,380003,23,0.799,0.201,0.8909999999999999,0.934,0.0953,-9.913,0.0656,128.983,4,1
1LIj1SX2uO1TSIuQE6n26l,363688,28,0.753,0.08900000000000001,0.9259999999999999,0.7929999999999999,0.316,-5.825,0.0375,129.997,4,1
4vFicRRBJFCC5UofT5sWAT,308060,41,0.706,0.0984,0.7020000000000001,0.0169,0.3,-9.192,0.0775,133.994,4,1
5Q1ZK9GAIuGmfTLgHlxtY1,338438,0,0.765,0.000166,0.9259999999999999,0.9259999999999999,0.0391,-9.939,0.0315,128.002,4,1
3EsokBbAyQVkg7LoQKc8uV,264465,44,0.792,0.48700000000000004,0.5760000000000001,0.00325,0.0972,-9.947000000000001,0.248,127.066,4,1
2JetQ4Jz4H90svAsIlu3Xw,456746,13,0.809,0.0013599999999999999,0.652,0.902,0.0445,-9.603,0.0587,122.0,4,1
5Fxqn2kr6NBio3EDfaMi45,280213,0,0.48200000000000004,0.303,0.79,0.00028,0.1,-5.221,0.038,169.06400000000002,4,1
5wElWRFQIzeE1YBe1gTIxp,509227,36,0.735,0.45899999999999996,0.8290000000000001,0.9279999999999999,0.10300000000000001,-8.062999999999999,0.0379,123.01899999999999,4,1
2R3FccOgjRW9VRW1lKixsZ,401485,0,0.758,0.00227,0.631,0.0508,0.107,-10.659,0.0841,125.001,4,1
3mWw5uzVNZiuoJx2VsiLdp,278400,23,0.835,0.0105,0.708,0.0848,0.152,-8.051,0.0427,125.03299999999999,4,1
7rcBjoYgtu5mQMNfJqepob,381131,28,0.63,0.00777,0.757,0.82,0.105,-9.495,0.0547,128.972,4,1
6TbvnLRLNmiTrKJTppRYuV,224733,0,0.647,0.0009310000000000001,0.882,0.912,0.0955,-7.156000000000001,0.0528,121.98899999999999,4,1
3DVgJlCGnkS3ZHzjgneSVn,264000,16,0.721,0.0374,0.8320000000000001,0.27,0.37799999999999995,-7.992999999999999,0.0497,119.991,4,1
3RYJjxoC1Wm6vcJrEx0BGH,197224,41,0.7859999999999999,0.0569,0.6809999999999999,0.9009999999999999,0.09,-9.557,0.12,122.007,4,1
11H0DqdC7evyxLpu3s1CZT,375484,13,0.685,5.9e-05,0.39799999999999996,0.868,0.109,-8.594,0.0724,123.98899999999999,4,1
2IS2bOwugU8KQo71riS5c6,213333,19,0.6920000000000001,0.00047999999999999996,0.9790000000000001,0.89,0.316,-4.6,0.21600000000000003,125.994,4,1
6E4BLj7buaUbqi2WVQCBpG,259511,24,0.732,0.0123,0.9129999999999999,0.867,0.127,-4.37,0.0437,119.985,4,1
3tbVpJNYQ7HFjitWBR4MhO,424554,0,0.726,0.00675,0.915,0.887,0.0762,-7.18,0.0433,125.0,4,1
1KVrHVbZrD2aE8PS8lmOB7,420907,34,0.8370000000000001,0.0862,0.8029999999999999,0.0059700000000000005,0.0723,-7.8229999999999995,0.184,127.995,3,1
1qBYvP379TwW5ApFb5udXh,398184,0,0.6970000000000001,0.000234,0.703,0.8440000000000001,0.0867,-7.684,0.0437,126.006,4,1
3wGFIHhLCFdOvE5yZnsfEs,410698,2,0.7509999999999999,0.000668,0.892,0.836,0.26,-8.262,0.0456,124.001,4,1
4IPl353WeoDBDI4lDL5JKs,290667,0,0.758,0.000893,0.653,0.00023799999999999998,0.131,-7.591,0.036000000000000004,124.984,4,1
4DYjLFAgQ3DWlhSO3zYgRE,173925,36,0.35,0.519,0.606,4.22e-06,0.156,-5.819,0.0305,89.82600000000001,4,1
5lXY6PTuWXOludKy4zDQwM,189268,66,0.7709999999999999,0.00165,0.731,0.633,0.217,-6.574,0.0409,123.02600000000001,4,1
60rm5quLJ5mwjJXjAHKB9c,387004,24,0.7390000000000001,0.0010199999999999999,0.934,0.8,0.0882,-6.494,0.0609,125.00299999999999,4,1
3graiRxQpq408QIHOAs7M6,188939,33,0.6809999999999999,0.00132,0.9109999999999999,0.000802,0.0862,-6.859,0.0473,124.988,4,1
0CliA6pF4UR5hI1yIIhAKt,266880,18,0.787,0.000766,0.856,0.764,0.106,-8.619,0.0502,123.00399999999999,4,1
4K5qjoyN5BxvfRXsr1rQUk,518469,30,0.664,0.009940000000000001,0.7609999999999999,0.152,0.0717,-7.559,0.0447,113.007,4,1
2IINiMsBN3pbvzXZejj0Xw,429185,0,0.7490000000000001,0.000147,0.7809999999999999,0.9309999999999999,0.0574,-9.009,0.0591,126.98100000000001,4,1
2I2R8mOUvH355Fs3QWZyYt,355204,35,0.723,0.0843,0.9890000000000001,0.953,0.0784,-4.65,0.0453,119.99600000000001,4,1
3yHQKddM8SVCRnuPSo3HPN,240849,3,0.6579999999999999,0.00264,0.836,1.02e-06,0.507,-3.282,0.0549,124.969,4,1
3KUoiySr90tw8XSW8Ezmx4,443224,50,0.6729999999999999,0.00148,0.982,0.726,0.0413,-6.6979999999999995,0.0547,123.999,4,1
4tjz185D6vHoSJGVjcKTzW,214999,21,0.731,0.00784,0.966,0.8170000000000001,0.157,-6.861000000000001,0.0519,126.01,4,1
78UQiv8VTM8ctj9vBHTDGl,517133,0,0.7240000000000001,0.000643,0.877,0.8490000000000001,0.209,-5.4239999999999995,0.0479,122.00200000000001,4,1
0pMfPzdRiPAoSM9yWF4OcT,198453,68,0.611,0.0952,0.555,0.0,0.11,-6.372000000000001,0.0274,88.969,4,1
5MJjkC3m1nAJV3BdJqL1IZ,277640,30,0.833,0.314,0.56,0.436,0.0947,-8.161,0.0375,126.005,4,1
1RtmFWLcZoNYNVImBUUEIa,499973,16,0.7759999999999999,0.0017,0.8340000000000001,0.904,0.0765,-6.442,0.0508,122.98899999999999,4,1
2tlZddFTcoZnEM9THraXlB,438232,28,0.816,0.000236,0.696,0.888,0.0882,-8.338,0.0465,123.01899999999999,4,1
2iInQB9D17iZT1oFoixurT,300809,34,0.737,0.00011599999999999999,0.9109999999999999,0.9059999999999999,0.564,-5.903,0.0468,117.98700000000001,4,1
3rCtueI7qBN2kZBZnXuk5K,369462,57,0.713,0.539,0.725,0.8859999999999999,0.111,-9.951,0.0385,122.041,4,1
1Gr71uYwPqiWY9flq31MNa,217031,29,0.7659999999999999,0.0336,0.769,0.29,0.5479999999999999,-10.508,0.0552,124.0,4,1
7ttlwLYeiVxbpto0xtwrHR,206760,22,0.691,0.0093,0.846,0.9259999999999999,0.0961,-9.351,0.0376,124.999,4,1
4cJjMJ2fMA7edeEI1xbVFO,236000,39,0.5539999999999999,0.958,0.184,0.0023,0.11199999999999999,-17.292,0.0297,92.06299999999999,4,1
22Fwimjd0oaL06eU7Aura4,183001,49,0.747,0.00594,0.67,2.68e-05,0.1,-5.696000000000001,0.135,146.858,4,1
2CuWBouyKJhh3KXQtEazk1,475382,35,0.826,0.009290000000000001,0.8909999999999999,0.552,0.138,-7.476,0.0608,123.01299999999999,4,1
7uyef2izU30YCtL4TUfG6Q,356400,8,0.799,0.000212,0.797,0.899,0.0705,-9.422,0.0512,124.999,4,1
528bxUV84T4T8HHBFSpcaV,102680,48,0.511,0.266,0.5379999999999999,0.00018700000000000002,0.203,-6.185,0.124,148.648,4,1
0ADFdBeamLf1sUlXnd91SE,332788,35,0.287,0.276,0.415,0.000811,0.105,-11.311,0.0422,70.418,4,1
56RwK3sX3re4SgQXiqaYvk,384000,24,0.807,2.56e-05,0.8440000000000001,0.934,0.0436,-8.04,0.0397,124.978,4,1
04MoJkJzCoU9ukeewv5Vzu,243187,62,0.642,0.249,0.657,0.0,0.111,-5.246,0.0333,90.0,4,1
3lVPtkNFoIyPPGVdNri4VH,278200,67,0.645,0.16699999999999998,0.552,2.33e-05,0.0718,-7.622999999999999,0.033,102.881,4,1
5nmr0qCA3JXN2MRdEDUFi6,483967,46,0.8590000000000001,0.14,0.44,0.537,0.6890000000000001,-11.224,0.0514,121.00200000000001,4,1
3CUZhJEreKw7B80VTL9K6e,456533,43,0.733,0.0005059999999999999,0.634,0.7979999999999999,0.0848,-9.395,0.0394,124.14399999999999,4,1
6QYthxincEvqQzGkfAOAiK,224449,41,0.6579999999999999,0.00105,0.894,0.0794,0.128,-7.327000000000001,0.0551,122.01799999999999,4,1
2ThdgxZXv3eTMkeEYzg9wQ,288000,12,0.8420000000000001,0.00619,0.59,0.904,0.0918,-8.26,0.0581,120.01799999999999,4,1
0yH2FppR90QtDk3CyfpElo,131292,12,0.794,0.521,0.456,0.0,0.49,-12.764000000000001,0.0444,133.839,4,1
3s4mrPrEFFPF0LmAfutW0n,200187,67,0.784,0.0249,0.517,1.44e-06,0.155,-8.981,0.209,97.991,4,1
4bcm643gESHJ9gM1AeslEH,376320,11,0.727,0.0688,0.805,0.938,0.0927,-9.783,0.0334,124.984,4,1
4EXQI4imv1NPihDASgzZGB,372480,7,0.7170000000000001,0.0009460000000000001,0.934,0.937,0.0531,-5.818,0.0362,124.98899999999999,4,1
15i5MnyBydTG72CTwZtI6P,341292,15,0.6459999999999999,6.17e-05,0.7979999999999999,0.748,0.0725,-9.552999999999999,0.0401,123.999,4,1
56FwFg0hbzbfB5PddFBlaZ,282581,17,0.637,0.00329,0.887,0.867,0.11699999999999999,-7.228,0.0443,123.99799999999999,4,1
7JwtqxOW5XkRbgKWQfbUjd,472064,25,0.708,0.00922,0.688,0.938,0.0988,-7.898,0.0702,124.016,4,1
18AhIaeULiDBm3gTIAB4sc,371527,5,0.747,4.09e-05,0.904,0.8240000000000001,0.0425,-8.828,0.0503,125.00299999999999,4,1
57myWgdwfFJb7QhmmJbfGj,436000,0,0.735,0.00263,0.8079999999999999,0.862,0.265,-6.575,0.0358,119.99,4,1
2ckjXpQmNz8wmJUoUmdYsI,390747,0,0.645,0.000629,0.856,0.799,0.0692,-8.109,0.052000000000000005,130.0,4,1
4yjoFroiLO7KpM2CDUH2ie,459427,33,0.7979999999999999,3.76e-05,0.82,0.895,0.08900000000000001,-9.493,0.0528,121.994,4,1
6gzZKprGXvPWb7qNnTCc0q,379313,5,0.8079999999999999,0.003,0.736,0.903,0.10800000000000001,-7.216,0.0734,125.016,4,1
34z9d4wKiyy9WP41C6PRhF,459544,0,0.731,0.0514,0.856,0.922,0.0863,-12.267000000000001,0.049,125.98899999999999,4,1
3exCJ2Mjs46r8C28D0MUu1,377947,0,0.779,0.00297,0.8909999999999999,0.677,0.0812,-4.768,0.065,127.01100000000001,4,1
2UU5lkPMGpDfYQLFUaFQ5X,455366,14,0.743,0.0244,0.922,0.93,0.0541,-9.576,0.04,123.001,4,1
59sNwdjGBKTG1Z4cLu21mq,372000,2,0.622,0.0498,0.855,0.8240000000000001,0.0914,-7.563,0.0345,120.00200000000001,4,1
5WK1sL0M9ndd1MBBzyF2Co,339959,0,0.82,0.000357,0.8540000000000001,0.11699999999999999,0.10400000000000001,-10.569,0.0822,124.98899999999999,4,1
0US9ekltBlv8j50arRjPWm,223011,33,0.7,0.000229,0.985,0.9129999999999999,0.0742,-5.4670000000000005,0.0536,122.999,4,1
38mFPR6JTtMywd4feWQJKL,226560,31,0.564,0.00040300000000000004,0.8340000000000001,0.903,0.706,-10.097999999999999,0.0571,124.99600000000001,4,1
7FE1QqRQSKlivpxyO7IWEW,392754,0,0.7979999999999999,1.56e-05,0.8059999999999999,0.841,0.0751,-8.772,0.057999999999999996,122.99799999999999,4,1
6TdJFS2E7i0jw5aNzdSJ5Y,301807,28,0.53,9.070000000000001e-05,0.883,0.486,0.0881,-7.562,0.0364,122.01299999999999,4,1
5ln6dsQzlXvb7Jglyq2ndo,375000,6,0.802,0.00040899999999999997,0.8959999999999999,0.9520000000000001,0.11199999999999999,-6.933,0.0532,124.993,4,1
4fxNiF06LCFO3FKd3wsHcY,475382,0,0.826,0.009290000000000001,0.8909999999999999,0.552,0.138,-7.476,0.0608,123.01299999999999,4,1
3a8xzKVGzsoS69cqJ4Dxjw,435024,24,0.7340000000000001,0.0008849999999999999,0.718,0.267,0.0379,-9.687000000000001,0.0437,124.993,4,1
0VerKett2yCco5I4UVfRWF,391475,9,0.851,0.0027199999999999998,0.6970000000000001,0.955,0.0597,-8.081,0.0989,123.994,4,1
7j12NwkG1VLC0b1P05QrA7,251707,20,0.968,0.0019399999999999999,0.882,0.0811,0.102,-7.683,0.0588,122.97399999999999,4,1
5Au3TFQmS5TWbPRRiO2vXI,419079,0,0.7559999999999999,0.0993,0.5539999999999999,0.9079999999999999,0.0828,-9.651,0.0476,121.015,4,1
6DxKG8EHEqkWdKrFQSvm32,461580,40,0.616,0.000392,0.895,0.924,0.153,-6.625,0.0339,124.99600000000001,4,1
3NVRs4c3qc8J2V3BK5s6Nv,259355,25,0.597,0.0014199999999999998,0.897,0.612,0.0905,-7.071000000000001,0.0344,123.99,4,1
5uqLBHZyPMJd464MVEfCNj,481779,10,0.804,5.6000000000000006e-05,0.985,0.9129999999999999,0.25,-7.414,0.0514,123.999,3,1
7nxL0MXrYa9g7M5an2cmea,247978,1,0.759,0.0106,0.812,0.9470000000000001,0.0796,-10.401,0.0474,124.00399999999999,4,1
3xml45o5PxJw6Xlp8sfPIC,289017,44,0.629,0.00139,0.84,0.845,0.37,-8.005,0.0377,123.02,3,1
2ksrUHkaKkLU3t4qt1C6iY,291283,36,0.532,0.0116,0.813,0.9309999999999999,0.509,-7.606,0.0365,122.994,3,1
7jA27kzlQXRnkXlanm7hhE,481232,16,0.7609999999999999,5.02e-05,0.8440000000000001,0.878,0.133,-7.075,0.0434,124.68,4,1
2Hk2h7XQBVK6udY0KwygrC,488076,28,0.67,0.00286,0.871,0.9359999999999999,0.0873,-5.787000000000001,0.0383,123.991,4,1
04VUSnVGQeLgbq5JkQIV7e,484102,24,0.7709999999999999,0.00011,0.732,0.907,0.069,-9.351,0.0591,123.986,4,1
46Q9Dq7shVWKjBFyZShtNQ,422330,24,0.7340000000000001,0.00759,0.887,0.953,0.113,-7.807,0.0601,128.00799999999998,4,1
0xXUDgPG6ZxvhgNxQXHtdu,265285,0,0.621,0.000176,0.742,0.91,0.326,-7.7139999999999995,0.0332,126.01799999999999,4,1
3RpWyx8kTH2AOnskACajrT,382439,24,0.716,0.00162,0.983,0.789,0.27699999999999997,-7.775,0.0494,124.98700000000001,4,1
1DgfoSbmoJtiRVzuJ9iFK7,358033,47,0.7140000000000001,0.00958,0.708,0.841,0.0895,-8.873,0.0454,121.99700000000001,4,1
37hKRdwd8UTbxlL2c7p9KB,341311,43,0.648,0.000132,0.747,0.597,0.114,-8.033,0.032,122.02799999999999,4,1
0nDOSG4FYRMweLl6g3OiYH,469067,20,0.6829999999999999,0.000481,0.853,0.8420000000000001,0.187,-8.498,0.0389,123.014,4,1
0nJGnQziRhZZXfhwbKZIvM,419494,0,0.675,0.0035700000000000003,0.764,0.0492,0.075,-7.267,0.054000000000000006,124.99600000000001,4,1
4KFZfwZJMoJKSOBQxJORQp,353021,7,0.78,0.0019199999999999998,0.973,0.769,0.0402,-9.466000000000001,0.0558,133.034,4,1
6NdEHtgSsGpNi47FUgfPeM,452926,3,0.805,0.0017800000000000001,0.6729999999999999,0.888,0.0273,-9.708,0.0496,124.00200000000001,4,1
5K5CvZolPrlzOIvo080rAI,317455,44,0.535,0.0144,0.883,0.853,0.127,-8.089,0.031,122.999,4,1
38JrLUpdkNaAIMeMOJfSAX,347347,0,0.665,0.0298,0.845,0.6,0.161,-5.853,0.0347,123.007,4,1
4bNaTiiuq7BgwpZtxyhmmD,383302,19,0.8079999999999999,0.00088,0.8320000000000001,0.46299999999999997,0.0347,-5.7589999999999995,0.0524,120.99600000000001,4,1
5PPtAfXijcL9CYgI36QBmh,433702,4,0.802,0.00031800000000000003,0.897,0.946,0.0293,-7.864,0.040999999999999995,124.99799999999999,4,1
78DFXxTstnfYrlaM4zzXVI,409786,0,0.624,0.00367,0.804,0.929,0.511,-9.526,0.0308,123.994,4,1
2sbaU8WucfyXrrWn21DzLp,349903,20,0.82,8.859999999999999e-05,0.7140000000000001,0.841,0.0524,-6.831,0.111,120.023,4,1
